Date,Day,Hour,Dish,Amount
2025-01-17T00:00:00,Friday,0,Steak,0
2025-01-17T00:00:00,Friday,0,Soup,0
2025-01-17T00:00:00,Friday,0,Sandwich,0
2025-01-17T00:00:00,Friday,0,Pizza,0
2025-01-17T00:00:00,Friday,0,Salad,0
2025-01-17T00:00:00,Friday,0,Sushi,0
2025-01-17T00:00:00,Friday,0,Tacos,0
2025-01-17T00:00:00,Friday,1,Steak,5
2025-01-17T00:00:00,Friday,1,Soup,4
2025-01-17T00:00:00,Friday,1,Sandwich,8
2025-01-17T00:00:00,Friday,1,Pizza,5
2025-01-17T00:00:00,Friday,1,Salad,5
2025-01-17T00:00:00,Friday,1,Sushi,5
2025-01-17T00:00:00,Friday,1,Tacos,5
2025-01-17T00:00:00,Friday,2,Steak,10
2025-01-17T00:00:00,Friday,2,Soup,8
2025-01-17T00:00:00,Friday,2,Sandwich,16
2025-01-17T00:00:00,Friday,2,Pizza,10
2025-01-17T00:00:00,Friday,2,Salad,10
2025-01-17T00:00:00,Friday,2,Sushi,10
2025-01-17T00:00:00,Friday,2,Tacos,10
2025-01-17T00:00:00,Friday,3,Steak,15
2025-01-17T00:00:00,Friday,3,Soup,12
2025-01-17T00:00:00,Friday,3,Sandwich,24
2025-01-17T00:00:00,Friday,3,Pizza,15
2025-01-17T00:00:00,Friday,3,Salad,15
2025-01-17T00:00:00,Friday,3,Sushi,15
2025-01-17T00:00:00,Friday,3,Tacos,15
2025-01-17T00:00:00,Friday,4,Steak,20
2025-01-17T00:00:00,Friday,4,Soup,16
2025-01-17T00:00:00,Friday,4,Sandwich,32
2025-01-17T00:00:00,Friday,4,Pizza,20
2025-01-17T00:00:00,Friday,4,Salad,20
2025-01-17T00:00:00,Friday,4,Sushi,20
2025-01-17T00:00:00,Friday,4,Tacos,20
2025-01-17T00:00:00,Friday,5,Steak,25
2025-01-17T00:00:00,Friday,5,Soup,20
2025-01-17T00:00:00,Friday,5,Sandwich,40
2025-01-17T00:00:00,Friday,5,Pizza,25
2025-01-17T00:00:00,Friday,5,Salad,25
2025-01-17T00:00:00,Friday,5,Sushi,25
2025-01-17T00:00:00,Friday,5,Tacos,25
2025-01-17T00:00:00,Friday,6,Steak,30
2025-01-17T00:00:00,Friday,6,Soup,24
2025-01-17T00:00:00,Friday,6,Sandwich,48
2025-01-17T00:00:00,Friday,6,Pizza,30
2025-01-17T00:00:00,Friday,6,Salad,30
2025-01-17T00:00:00,Friday,6,Sushi,30
2025-01-17T00:00:00,Friday,6,Tacos,30
2025-01-17T00:00:00,Friday,7,Steak,35
2025-01-17T00:00:00,Friday,7,Soup,28
2025-01-17T00:00:00,Friday,7,Sandwich,6
2025-01-17T00:00:00,Friday,7,Pizza,35
2025-01-17T00:00:00,Friday,7,Salad,35
2025-01-17T00:00:00,Friday,7,Sushi,35
2025-01-17T00:00:00,Friday,7,Tacos,35
2025-01-17T00:00:00,Friday,8,Steak,40
2025-01-17T00:00:00,Friday,8,Soup,32
2025-01-17T00:00:00,Friday,8,Sandwich,14
2025-01-17T00:00:00,Friday,8,Pizza,40
2025-01-17T00:00:00,Friday,8,Salad,40
2025-01-17T00:00:00,Friday,8,Sushi,40
2025-01-17T00:00:00,Friday,8,Tacos,40
2025-01-17T00:00:00,Friday,9,Steak,45
2025-01-17T00:00:00,Friday,9,Soup,36
2025-01-17T00:00:00,Friday,9,Sandwich,22
2025-01-17T00:00:00,Friday,9,Pizza,45
2025-01-17T00:00:00,Friday,9,Salad,45
2025-01-17T00:00:00,Friday,9,Sushi,45
2025-01-17T00:00:00,Friday,9,Tacos,45
2025-01-17T00:00:00,Friday,10,Steak,0
2025-01-17T00:00:00,Friday,10,Soup,40
2025-01-17T00:00:00,Friday,10,Sandwich,30
2025-01-17T00:00:00,Friday,10,Pizza,0
2025-01-17T00:00:00,Friday,10,Salad,0
2025-01-17T00:00:00,Friday,10,Sushi,0
2025-01-17T00:00:00,Friday,10,Tacos,0
2025-01-17T00:00:00,Friday,11,Steak,5
2025-01-17T00:00:00,Friday,11,Soup,44
2025-01-17T00:00:00,Friday,11,Sandwich,38
2025-01-17T00:00:00,Friday,11,Pizza,5
2025-01-17T00:00:00,Friday,11,Salad,5
2025-01-17T00:00:00,Friday,11,Sushi,5
2025-01-17T00:00:00,Friday,11,Tacos,5
2025-01-17T00:00:00,Friday,12,Steak,10
2025-01-17T00:00:00,Friday,12,Soup,48
2025-01-17T00:00:00,Friday,12,Sandwich,46
2025-01-17T00:00:00,Friday,12,Pizza,10
2025-01-17T00:00:00,Friday,12,Salad,10
2025-01-17T00:00:00,Friday,12,Sushi,10
2025-01-17T00:00:00,Friday,12,Tacos,10
2025-01-17T00:00:00,Friday,13,Steak,15
2025-01-17T00:00:00,Friday,13,Soup,2
2025-01-17T00:00:00,Friday,13,Sandwich,4
2025-01-17T00:00:00,Friday,13,Pizza,15
2025-01-17T00:00:00,Friday,13,Salad,15
2025-01-17T00:00:00,Friday,13,Sushi,15
2025-01-17T00:00:00,Friday,13,Tacos,15
2025-01-17T00:00:00,Friday,14,Steak,20
2025-01-17T00:00:00,Friday,14,Soup,6
2025-01-17T00:00:00,Friday,14,Sandwich,12
2025-01-17T00:00:00,Friday,14,Pizza,20
2025-01-17T00:00:00,Friday,14,Salad,20
2025-01-17T00:00:00,Friday,14,Sushi,20
2025-01-17T00:00:00,Friday,14,Tacos,20
2025-01-17T00:00:00,Friday,15,Steak,25
2025-01-17T00:00:00,Friday,15,Soup,10
2025-01-17T00:00:00,Friday,15,Sandwich,20
2025-01-17T00:00:00,Friday,15,Pizza,25
2025-01-17T00:00:00,Friday,15,Salad,25
2025-01-17T00:00:00,Friday,15,Sushi,25
2025-01-17T00:00:00,Friday,15,Tacos,25
2025-01-17T00:00:00,Friday,16,Steak,30
2025-01-17T00:00:00,Friday,16,Soup,14
2025-01-17T00:00:00,Friday,16,Sandwich,28
2025-01-17T00:00:00,Friday,16,Pizza,30
2025-01-17T00:00:00,Friday,16,Salad,30
2025-01-17T00:00:00,Friday,16,Sushi,30
2025-01-17T00:00:00,Friday,16,Tacos,30
2025-01-17T00:00:00,Friday,17,Steak,35
2025-01-17T00:00:00,Friday,17,Soup,18
2025-01-17T00:00:00,Friday,17,Sandwich,36
2025-01-17T00:00:00,Friday,17,Pizza,35
2025-01-17T00:00:00,Friday,17,Salad,35
2025-01-17T00:00:00,Friday,17,Sushi,35
2025-01-17T00:00:00,Friday,17,Tacos,35
2025-01-17T00:00:00,Friday,18,Steak,40
2025-01-17T00:00:00,Friday,18,Soup,22
2025-01-17T00:00:00,Friday,18,Sandwich,44
2025-01-17T00:00:00,Friday,18,Pizza,40
2025-01-17T00:00:00,Friday,18,Salad,40
2025-01-17T00:00:00,Friday,18,Sushi,40
2025-01-17T00:00:00,Friday,18,Tacos,40
2025-01-17T00:00:00,Friday,19,Steak,45
2025-01-17T00:00:00,Friday,19,Soup,26
2025-01-17T00:00:00,Friday,19,Sandwich,2
2025-01-17T00:00:00,Friday,19,Pizza,45
2025-01-17T00:00:00,Friday,19,Salad,45
2025-01-17T00:00:00,Friday,19,Sushi,45
2025-01-17T00:00:00,Friday,19,Tacos,45
2025-01-17T00:00:00,Friday,20,Steak,0
2025-01-17T00:00:00,Friday,20,Soup,30
2025-01-17T00:00:00,Friday,20,Sandwich,10
2025-01-17T00:00:00,Friday,20,Pizza,0
2025-01-17T00:00:00,Friday,20,Salad,0
2025-01-17T00:00:00,Friday,20,Sushi,0
2025-01-17T00:00:00,Friday,20,Tacos,0
2025-01-17T00:00:00,Friday,21,Steak,5
2025-01-17T00:00:00,Friday,21,Soup,34
2025-01-17T00:00:00,Friday,21,Sandwich,18
2025-01-17T00:00:00,Friday,21,Pizza,5
2025-01-17T00:00:00,Friday,21,Salad,5
2025-01-17T00:00:00,Friday,21,Sushi,5
2025-01-17T00:00:00,Friday,21,Tacos,5
2025-01-17T00:00:00,Friday,22,Steak,10
2025-01-17T00:00:00,Friday,22,Soup,38
2025-01-17T00:00:00,Friday,22,Sandwich,26
2025-01-17T00:00:00,Friday,22,Pizza,10
2025-01-17T00:00:00,Friday,22,Salad,10
2025-01-17T00:00:00,Friday,22,Sushi,10
2025-01-17T00:00:00,Friday,22,Tacos,10
2025-01-17T00:00:00,Friday,23,Steak,15
2025-01-17T00:00:00,Friday,23,Soup,42
2025-01-17T00:00:00,Friday,23,Sandwich,34
2025-01-17T00:00:00,Friday,23,Pizza,15
2025-01-17T00:00:00,Friday,23,Salad,15
2025-01-17T00:00:00,Friday,23,Sushi,15
2025-01-17T00:00:00,Friday,23,Tacos,15
2025-01-18T00:00:00,Saturday,0,Steak,0
2025-01-18T00:00:00,Saturday,0,Soup,0
2025-01-18T00:00:00,Saturday,0,Sandwich,0
2025-01-18T00:00:00,Saturday,0,Pizza,0
2025-01-18T00:00:00,Saturday,0,Salad,0
2025-01-18T00:00:00,Saturday,0,Sushi,0
2025-01-18T00:00:00,Saturday,0,Tacos,0
2025-01-18T00:00:00,Saturday,1,Steak,5
2025-01-18T00:00:00,Saturday,1,Soup,4
2025-01-18T00:00:00,Saturday,1,Sandwich,8
2025-01-18T00:00:00,Saturday,1,Pizza,5
2025-01-18T00:00:00,Saturday,1,Salad,5
2025-01-18T00:00:00,Saturday,1,Sushi,5
2025-01-18T00:00:00,Saturday,1,Tacos,5
2025-01-18T00:00:00,Saturday,2,Steak,10
2025-01-18T00:00:00,Saturday,2,Soup,8
2025-01-18T00:00:00,Saturday,2,Sandwich,16
2025-01-18T00:00:00,Saturday,2,Pizza,10
2025-01-18T00:00:00,Saturday,2,Salad,10
2025-01-18T00:00:00,Saturday,2,Sushi,10
2025-01-18T00:00:00,Saturday,2,Tacos,10
2025-01-18T00:00:00,Saturday,3,Steak,15
2025-01-18T00:00:00,Saturday,3,Soup,12
2025-01-18T00:00:00,Saturday,3,Sandwich,24
2025-01-18T00:00:00,Saturday,3,Pizza,15
2025-01-18T00:00:00,Saturday,3,Salad,15
2025-01-18T00:00:00,Saturday,3,Sushi,15
2025-01-18T00:00:00,Saturday,3,Tacos,15
2025-01-18T00:00:00,Saturday,4,Steak,20
2025-01-18T00:00:00,Saturday,4,Soup,16
2025-01-18T00:00:00,Saturday,4,Sandwich,32
2025-01-18T00:00:00,Saturday,4,Pizza,20
2025-01-18T00:00:00,Saturday,4,Salad,20
2025-01-18T00:00:00,Saturday,4,Sushi,20
2025-01-18T00:00:00,Saturday,4,Tacos,20
2025-01-18T00:00:00,Saturday,5,Steak,25
2025-01-18T00:00:00,Saturday,5,Soup,20
2025-01-18T00:00:00,Saturday,5,Sandwich,40
2025-01-18T00:00:00,Saturday,5,Pizza,25
2025-01-18T00:00:00,Saturday,5,Salad,25
2025-01-18T00:00:00,Saturday,5,Sushi,25
2025-01-18T00:00:00,Saturday,5,Tacos,25
2025-01-18T00:00:00,Saturday,6,Steak,30
2025-01-18T00:00:00,Saturday,6,Soup,24
2025-01-18T00:00:00,Saturday,6,Sandwich,48
2025-01-18T00:00:00,Saturday,6,Pizza,30
2025-01-18T00:00:00,Saturday,6,Salad,30
2025-01-18T00:00:00,Saturday,6,Sushi,30
2025-01-18T00:00:00,Saturday,6,Tacos,30
2025-01-18T00:00:00,Saturday,7,Steak,35
2025-01-18T00:00:00,Saturday,7,Soup,28
2025-01-18T00:00:00,Saturday,7,Sandwich,6
2025-01-18T00:00:00,Saturday,7,Pizza,35
2025-01-18T00:00:00,Saturday,7,Salad,35
2025-01-18T00:00:00,Saturday,7,Sushi,35
2025-01-18T00:00:00,Saturday,7,Tacos,35
2025-01-18T00:00:00,Saturday,8,Steak,40
2025-01-18T00:00:00,Saturday,8,Soup,32
2025-01-18T00:00:00,Saturday,8,Sandwich,14
2025-01-18T00:00:00,Saturday,8,Pizza,40
2025-01-18T00:00:00,Saturday,8,Salad,40
2025-01-18T00:00:00,Saturday,8,Sushi,40
2025-01-18T00:00:00,Saturday,8,Tacos,40
2025-01-18T00:00:00,Saturday,9,Steak,45
2025-01-18T00:00:00,Saturday,9,Soup,36
2025-01-18T00:00:00,Saturday,9,Sandwich,22
2025-01-18T00:00:00,Saturday,9,Pizza,45
2025-01-18T00:00:00,Saturday,9,Salad,45
2025-01-18T00:00:00,Saturday,9,Sushi,45
2025-01-18T00:00:00,Saturday,9,Tacos,45
2025-01-18T00:00:00,Saturday,10,Steak,0
2025-01-18T00:00:00,Saturday,10,Soup,40
2025-01-18T00:00:00,Saturday,10,Sandwich,30
2025-01-18T00:00:00,Saturday,10,Pizza,0
2025-01-18T00:00:00,Saturday,10,Salad,0
2025-01-18T00:00:00,Saturday,10,Sushi,0
2025-01-18T00:00:00,Saturday,10,Tacos,0
2025-01-18T00:00:00,Saturday,11,Steak,5
2025-01-18T00:00:00,Saturday,11,Soup,44
2025-01-18T00:00:00,Saturday,11,Sandwich,38
2025-01-18T00:00:00,Saturday,11,Pizza,5
2025-01-18T00:00:00,Saturday,11,Salad,5
2025-01-18T00:00:00,Saturday,11,Sushi,5
2025-01-18T00:00:00,Saturday,11,Tacos,5
2025-01-18T00:00:00,Saturday,12,Steak,10
2025-01-18T00:00:00,Saturday,12,Soup,48
2025-01-18T00:00:00,Saturday,12,Sandwich,46
2025-01-18T00:00:00,Saturday,12,Pizza,10
2025-01-18T00:00:00,Saturday,12,Salad,10
2025-01-18T00:00:00,Saturday,12,Sushi,10
2025-01-18T00:00:00,Saturday,12,Tacos,10
2025-01-18T00:00:00,Saturday,13,Steak,15
2025-01-18T00:00:00,Saturday,13,Soup,2
2025-01-18T00:00:00,Saturday,13,Sandwich,4
2025-01-18T00:00:00,Saturday,13,Pizza,15
2025-01-18T00:00:00,Saturday,13,Salad,15
2025-01-18T00:00:00,Saturday,13,Sushi,15
2025-01-18T00:00:00,Saturday,13,Tacos,15
2025-01-18T00:00:00,Saturday,14,Steak,20
2025-01-18T00:00:00,Saturday,14,Soup,6
2025-01-18T00:00:00,Saturday,14,Sandwich,12
2025-01-18T00:00:00,Saturday,14,Pizza,20
2025-01-18T00:00:00,Saturday,14,Salad,20
2025-01-18T00:00:00,Saturday,14,Sushi,20
2025-01-18T00:00:00,Saturday,14,Tacos,20
2025-01-18T00:00:00,Saturday,15,Steak,25
2025-01-18T00:00:00,Saturday,15,Soup,10
2025-01-18T00:00:00,Saturday,15,Sandwich,20
2025-01-18T00:00:00,Saturday,15,Pizza,25
2025-01-18T00:00:00,Saturday,15,Salad,25
2025-01-18T00:00:00,Saturday,15,Sushi,25
2025-01-18T00:00:00,Saturday,15,Tacos,25
2025-01-18T00:00:00,Saturday,16,Steak,30
2025-01-18T00:00:00,Saturday,16,Soup,14
2025-01-18T00:00:00,Saturday,16,Sandwich,28
2025-01-18T00:00:00,Saturday,16,Pizza,30
2025-01-18T00:00:00,Saturday,16,Salad,30
2025-01-18T00:00:00,Saturday,16,Sushi,30
2025-01-18T00:00:00,Saturday,16,Tacos,30
2025-01-18T00:00:00,Saturday,17,Steak,35
2025-01-18T00:00:00,Saturday,17,Soup,18
2025-01-18T00:00:00,Saturday,17,Sandwich,36
2025-01-18T00:00:00,Saturday,17,Pizza,35
2025-01-18T00:00:00,Saturday,17,Salad,35
2025-01-18T00:00:00,Saturday,17,Sushi,35
2025-01-18T00:00:00,Saturday,17,Tacos,35
2025-01-18T00:00:00,Saturday,18,Steak,40
2025-01-18T00:00:00,Saturday,18,Soup,22
2025-01-18T00:00:00,Saturday,18,Sandwich,44
2025-01-18T00:00:00,Saturday,18,Pizza,40
2025-01-18T00:00:00,Saturday,18,Salad,40
2025-01-18T00:00:00,Saturday,18,Sushi,40
2025-01-18T00:00:00,Saturday,18,Tacos,40
2025-01-18T00:00:00,Saturday,19,Steak,45
2025-01-18T00:00:00,Saturday,19,Soup,26
2025-01-18T00:00:00,Saturday,19,Sandwich,2
2025-01-18T00:00:00,Saturday,19,Pizza,45
2025-01-18T00:00:00,Saturday,19,Salad,45
2025-01-18T00:00:00,Saturday,19,Sushi,45
2025-01-18T00:00:00,Saturday,19,Tacos,45
2025-01-18T00:00:00,Saturday,20,Steak,0
2025-01-18T00:00:00,Saturday,20,Soup,30
2025-01-18T00:00:00,Saturday,20,Sandwich,10
2025-01-18T00:00:00,Saturday,20,Pizza,0
2025-01-18T00:00:00,Saturday,20,Salad,0
2025-01-18T00:00:00,Saturday,20,Sushi,0
2025-01-18T00:00:00,Saturday,20,Tacos,0
2025-01-18T00:00:00,Saturday,21,Steak,5
2025-01-18T00:00:00,Saturday,21,Soup,34
2025-01-18T00:00:00,Saturday,21,Sandwich,18
2025-01-18T00:00:00,Saturday,21,Pizza,5
2025-01-18T00:00:00,Saturday,21,Salad,5
2025-01-18T00:00:00,Saturday,21,Sushi,5
2025-01-18T00:00:00,Saturday,21,Tacos,5
2025-01-18T00:00:00,Saturday,22,Steak,10
2025-01-18T00:00:00,Saturday,22,Soup,38
2025-01-18T00:00:00,Saturday,22,Sandwich,26
2025-01-18T00:00:00,Saturday,22,Pizza,10
2025-01-18T00:00:00,Saturday,22,Salad,10
2025-01-18T00:00:00,Saturday,22,Sushi,10
2025-01-18T00:00:00,Saturday,22,Tacos,10
2025-01-18T00:00:00,Saturday,23,Steak,15
2025-01-18T00:00:00,Saturday,23,Soup,42
2025-01-18T00:00:00,Saturday,23,Sandwich,34
2025-01-18T00:00:00,Saturday,23,Pizza,15
2025-01-18T00:00:00,Saturday,23,Salad,15
2025-01-18T00:00:00,Saturday,23,Sushi,15
2025-01-18T00:00:00,Saturday,23,Tacos,15
2025-01-19T00:00:00,Sunday,0,Steak,0
2025-01-19T00:00:00,Sunday,0,Soup,0
2025-01-19T00:00:00,Sunday,0,Sandwich,0
2025-01-19T00:00:00,Sunday,0,Pizza,0
2025-01-19T00:00:00,Sunday,0,Salad,0
2025-01-19T00:00:00,Sunday,0,Sushi,0
2025-01-19T00:00:00,Sunday,0,Tacos,0
2025-01-19T00:00:00,Sunday,1,Steak,5
2025-01-19T00:00:00,Sunday,1,Soup,4
2025-01-19T00:00:00,Sunday,1,Sandwich,8
2025-01-19T00:00:00,Sunday,1,Pizza,5
2025-01-19T00:00:00,Sunday,1,Salad,5
2025-01-19T00:00:00,Sunday,1,Sushi,5
2025-01-19T00:00:00,Sunday,1,Tacos,5
2025-01-19T00:00:00,Sunday,2,Steak,10
2025-01-19T00:00:00,Sunday,2,Soup,8
2025-01-19T00:00:00,Sunday,2,Sandwich,16
2025-01-19T00:00:00,Sunday,2,Pizza,10
2025-01-19T00:00:00,Sunday,2,Salad,10
2025-01-19T00:00:00,Sunday,2,Sushi,10
2025-01-19T00:00:00,Sunday,2,Tacos,10
2025-01-19T00:00:00,Sunday,3,Steak,15
2025-01-19T00:00:00,Sunday,3,Soup,12
2025-01-19T00:00:00,Sunday,3,Sandwich,24
2025-01-19T00:00:00,Sunday,3,Pizza,15
2025-01-19T00:00:00,Sunday,3,Salad,15
2025-01-19T00:00:00,Sunday,3,Sushi,15
2025-01-19T00:00:00,Sunday,3,Tacos,15
2025-01-19T00:00:00,Sunday,4,Steak,20
2025-01-19T00:00:00,Sunday,4,Soup,16
2025-01-19T00:00:00,Sunday,4,Sandwich,32
2025-01-19T00:00:00,Sunday,4,Pizza,20
2025-01-19T00:00:00,Sunday,4,Salad,20
2025-01-19T00:00:00,Sunday,4,Sushi,20
2025-01-19T00:00:00,Sunday,4,Tacos,20
2025-01-19T00:00:00,Sunday,5,Steak,25
2025-01-19T00:00:00,Sunday,5,Soup,20
2025-01-19T00:00:00,Sunday,5,Sandwich,40
2025-01-19T00:00:00,Sunday,5,Pizza,25
2025-01-19T00:00:00,Sunday,5,Salad,25
2025-01-19T00:00:00,Sunday,5,Sushi,25
2025-01-19T00:00:00,Sunday,5,Tacos,25
2025-01-19T00:00:00,Sunday,6,Steak,30
2025-01-19T00:00:00,Sunday,6,Soup,24
2025-01-19T00:00:00,Sunday,6,Sandwich,48
2025-01-19T00:00:00,Sunday,6,Pizza,30
2025-01-19T00:00:00,Sunday,6,Salad,30
2025-01-19T00:00:00,Sunday,6,Sushi,30
2025-01-19T00:00:00,Sunday,6,Tacos,30
2025-01-19T00:00:00,Sunday,7,Steak,35
2025-01-19T00:00:00,Sunday,7,Soup,28
2025-01-19T00:00:00,Sunday,7,Sandwich,6
2025-01-19T00:00:00,Sunday,7,Pizza,35
2025-01-19T00:00:00,Sunday,7,Salad,35
2025-01-19T00:00:00,Sunday,7,Sushi,35
2025-01-19T00:00:00,Sunday,7,Tacos,35
2025-01-19T00:00:00,Sunday,8,Steak,40
2025-01-19T00:00:00,Sunday,8,Soup,32
2025-01-19T00:00:00,Sunday,8,Sandwich,14
2025-01-19T00:00:00,Sunday,8,Pizza,40
2025-01-19T00:00:00,Sunday,8,Salad,40
2025-01-19T00:00:00,Sunday,8,Sushi,40
2025-01-19T00:00:00,Sunday,8,Tacos,40
2025-01-19T00:00:00,Sunday,9,Steak,45
2025-01-19T00:00:00,Sunday,9,Soup,36
2025-01-19T00:00:00,Sunday,9,Sandwich,22
2025-01-19T00:00:00,Sunday,9,Pizza,45
2025-01-19T00:00:00,Sunday,9,Salad,45
2025-01-19T00:00:00,Sunday,9,Sushi,45
2025-01-19T00:00:00,Sunday,9,Tacos,45
2025-01-19T00:00:00,Sunday,10,Steak,0
2025-01-19T00:00:00,Sunday,10,Soup,40
2025-01-19T00:00:00,Sunday,10,Sandwich,30
2025-01-19T00:00:00,Sunday,10,Pizza,0
2025-01-19T00:00:00,Sunday,10,Salad,0
2025-01-19T00:00:00,Sunday,10,Sushi,0
2025-01-19T00:00:00,Sunday,10,Tacos,0
2025-01-19T00:00:00,Sunday,11,Steak,5
2025-01-19T00:00:00,Sunday,11,Soup,44
2025-01-19T00:00:00,Sunday,11,Sandwich,38
2025-01-19T00:00:00,Sunday,11,Pizza,5
2025-01-19T00:00:00,Sunday,11,Salad,5
2025-01-19T00:00:00,Sunday,11,Sushi,5
2025-01-19T00:00:00,Sunday,11,Tacos,5
2025-01-19T00:00:00,Sunday,12,Steak,10
2025-01-19T00:00:00,Sunday,12,Soup,48
2025-01-19T00:00:00,Sunday,12,Sandwich,46
2025-01-19T00:00:00,Sunday,12,Pizza,10
2025-01-19T00:00:00,Sunday,12,Salad,10
2025-01-19T00:00:00,Sunday,12,Sushi,10
2025-01-19T00:00:00,Sunday,12,Tacos,10
2025-01-19T00:00:00,Sunday,13,Steak,15
2025-01-19T00:00:00,Sunday,13,Soup,2
2025-01-19T00:00:00,Sunday,13,Sandwich,4
2025-01-19T00:00:00,Sunday,13,Pizza,15
2025-01-19T00:00:00,Sunday,13,Salad,15
2025-01-19T00:00:00,Sunday,13,Sushi,15
2025-01-19T00:00:00,Sunday,13,Tacos,15
2025-01-19T00:00:00,Sunday,14,Steak,20
2025-01-19T00:00:00,Sunday,14,Soup,6
2025-01-19T00:00:00,Sunday,14,Sandwich,12
2025-01-19T00:00:00,Sunday,14,Pizza,20
2025-01-19T00:00:00,Sunday,14,Salad,20
2025-01-19T00:00:00,Sunday,14,Sushi,20
2025-01-19T00:00:00,Sunday,14,Tacos,20
2025-01-19T00:00:00,Sunday,15,Steak,25
2025-01-19T00:00:00,Sunday,15,Soup,10
2025-01-19T00:00:00,Sunday,15,Sandwich,20
2025-01-19T00:00:00,Sunday,15,Pizza,25
2025-01-19T00:00:00,Sunday,15,Salad,25
2025-01-19T00:00:00,Sunday,15,Sushi,25
2025-01-19T00:00:00,Sunday,15,Tacos,25
2025-01-19T00:00:00,Sunday,16,Steak,30
2025-01-19T00:00:00,Sunday,16,Soup,14
2025-01-19T00:00:00,Sunday,16,Sandwich,28
2025-01-19T00:00:00,Sunday,16,Pizza,30
2025-01-19T00:00:00,Sunday,16,Salad,30
2025-01-19T00:00:00,Sunday,16,Sushi,30
2025-01-19T00:00:00,Sunday,16,Tacos,30
2025-01-19T00:00:00,Sunday,17,Steak,35
2025-01-19T00:00:00,Sunday,17,Soup,18
2025-01-19T00:00:00,Sunday,17,Sandwich,36
2025-01-19T00:00:00,Sunday,17,Pizza,35
2025-01-19T00:00:00,Sunday,17,Salad,35
2025-01-19T00:00:00,Sunday,17,Sushi,35
2025-01-19T00:00:00,Sunday,17,Tacos,35
2025-01-19T00:00:00,Sunday,18,Steak,40
2025-01-19T00:00:00,Sunday,18,Soup,22
2025-01-19T00:00:00,Sunday,18,Sandwich,44
2025-01-19T00:00:00,Sunday,18,Pizza,40
2025-01-19T00:00:00,Sunday,18,Salad,40
2025-01-19T00:00:00,Sunday,18,Sushi,40
2025-01-19T00:00:00,Sunday,18,Tacos,40
2025-01-19T00:00:00,Sunday,19,Steak,45
2025-01-19T00:00:00,Sunday,19,Soup,26
2025-01-19T00:00:00,Sunday,19,Sandwich,2
2025-01-19T00:00:00,Sunday,19,Pizza,45
2025-01-19T00:00:00,Sunday,19,Salad,45
2025-01-19T00:00:00,Sunday,19,Sushi,45
2025-01-19T00:00:00,Sunday,19,Tacos,45
2025-01-19T00:00:00,Sunday,20,Steak,0
2025-01-19T00:00:00,Sunday,20,Soup,30
2025-01-19T00:00:00,Sunday,20,Sandwich,10
2025-01-19T00:00:00,Sunday,20,Pizza,0
2025-01-19T00:00:00,Sunday,20,Salad,0
2025-01-19T00:00:00,Sunday,20,Sushi,0
2025-01-19T00:00:00,Sunday,20,Tacos,0
2025-01-19T00:00:00,Sunday,21,Steak,5
2025-01-19T00:00:00,Sunday,21,Soup,34
2025-01-19T00:00:00,Sunday,21,Sandwich,18
2025-01-19T00:00:00,Sunday,21,Pizza,5
2025-01-19T00:00:00,Sunday,21,Salad,5
2025-01-19T00:00:00,Sunday,21,Sushi,5
2025-01-19T00:00:00,Sunday,21,Tacos,5
2025-01-19T00:00:00,Sunday,22,Steak,10
2025-01-19T00:00:00,Sunday,22,Soup,38
2025-01-19T00:00:00,Sunday,22,Sandwich,26
2025-01-19T00:00:00,Sunday,22,Pizza,10
2025-01-19T00:00:00,Sunday,22,Salad,10
2025-01-19T00:00:00,Sunday,22,Sushi,10
2025-01-19T00:00:00,Sunday,22,Tacos,10
2025-01-19T00:00:00,Sunday,23,Steak,15
2025-01-19T00:00:00,Sunday,23,Soup,42
2025-01-19T00:00:00,Sunday,23,Sandwich,34
2025-01-19T00:00:00,Sunday,23,Pizza,15
2025-01-19T00:00:00,Sunday,23,Salad,15
2025-01-19T00:00:00,Sunday,23,Sushi,15
2025-01-19T00:00:00,Sunday,23,Tacos,15
2025-01-20T00:00:00,Monday,0,Steak,0
2025-01-20T00:00:00,Monday,0,Soup,0
2025-01-20T00:00:00,Monday,0,Sandwich,0
2025-01-20T00:00:00,Monday,0,Pizza,0
2025-01-20T00:00:00,Monday,0,Salad,0
2025-01-20T00:00:00,Monday,0,Sushi,0
2025-01-20T00:00:00,Monday,0,Tacos,0
2025-01-20T00:00:00,Monday,1,Steak,5
2025-01-20T00:00:00,Monday,1,Soup,4
2025-01-20T00:00:00,Monday,1,Sandwich,8
2025-01-20T00:00:00,Monday,1,Pizza,5
2025-01-20T00:00:00,Monday,1,Salad,5
2025-01-20T00:00:00,Monday,1,Sushi,5
2025-01-20T00:00:00,Monday,1,Tacos,5
2025-01-20T00:00:00,Monday,2,Steak,10
2025-01-20T00:00:00,Monday,2,Soup,8
2025-01-20T00:00:00,Monday,2,Sandwich,16
2025-01-20T00:00:00,Monday,2,Pizza,10
2025-01-20T00:00:00,Monday,2,Salad,10
2025-01-20T00:00:00,Monday,2,Sushi,10
2025-01-20T00:00:00,Monday,2,Tacos,10
2025-01-20T00:00:00,Monday,3,Steak,15
2025-01-20T00:00:00,Monday,3,Soup,12
2025-01-20T00:00:00,Monday,3,Sandwich,24
2025-01-20T00:00:00,Monday,3,Pizza,15
2025-01-20T00:00:00,Monday,3,Salad,15
2025-01-20T00:00:00,Monday,3,Sushi,15
2025-01-20T00:00:00,Monday,3,Tacos,15
2025-01-20T00:00:00,Monday,4,Steak,20
2025-01-20T00:00:00,Monday,4,Soup,16
2025-01-20T00:00:00,Monday,4,Sandwich,32
2025-01-20T00:00:00,Monday,4,Pizza,20
2025-01-20T00:00:00,Monday,4,Salad,20
2025-01-20T00:00:00,Monday,4,Sushi,20
2025-01-20T00:00:00,Monday,4,Tacos,20
2025-01-20T00:00:00,Monday,5,Steak,25
2025-01-20T00:00:00,Monday,5,Soup,20
2025-01-20T00:00:00,Monday,5,Sandwich,40
2025-01-20T00:00:00,Monday,5,Pizza,25
2025-01-20T00:00:00,Monday,5,Salad,25
2025-01-20T00:00:00,Monday,5,Sushi,25
2025-01-20T00:00:00,Monday,5,Tacos,25
2025-01-20T00:00:00,Monday,6,Steak,30
2025-01-20T00:00:00,Monday,6,Soup,24
2025-01-20T00:00:00,Monday,6,Sandwich,48
2025-01-20T00:00:00,Monday,6,Pizza,30
2025-01-20T00:00:00,Monday,6,Salad,30
2025-01-20T00:00:00,Monday,6,Sushi,30
2025-01-20T00:00:00,Monday,6,Tacos,30
2025-01-20T00:00:00,Monday,7,Steak,35
2025-01-20T00:00:00,Monday,7,Soup,28
2025-01-20T00:00:00,Monday,7,Sandwich,6
2025-01-20T00:00:00,Monday,7,Pizza,35
2025-01-20T00:00:00,Monday,7,Salad,35
2025-01-20T00:00:00,Monday,7,Sushi,35
2025-01-20T00:00:00,Monday,7,Tacos,35
2025-01-20T00:00:00,Monday,8,Steak,40
2025-01-20T00:00:00,Monday,8,Soup,32
2025-01-20T00:00:00,Monday,8,Sandwich,14
2025-01-20T00:00:00,Monday,8,Pizza,40
2025-01-20T00:00:00,Monday,8,Salad,40
2025-01-20T00:00:00,Monday,8,Sushi,40
2025-01-20T00:00:00,Monday,8,Tacos,40
2025-01-20T00:00:00,Monday,9,Steak,45
2025-01-20T00:00:00,Monday,9,Soup,36
2025-01-20T00:00:00,Monday,9,Sandwich,22
2025-01-20T00:00:00,Monday,9,Pizza,45
2025-01-20T00:00:00,Monday,9,Salad,45
2025-01-20T00:00:00,Monday,9,Sushi,45
2025-01-20T00:00:00,Monday,9,Tacos,45
2025-01-20T00:00:00,Monday,10,Steak,0
2025-01-20T00:00:00,Monday,10,Soup,40
2025-01-20T00:00:00,Monday,10,Sandwich,30
2025-01-20T00:00:00,Monday,10,Pizza,0
2025-01-20T00:00:00,Monday,10,Salad,0
2025-01-20T00:00:00,Monday,10,Sushi,0
2025-01-20T00:00:00,Monday,10,Tacos,0
2025-01-20T00:00:00,Monday,11,Steak,5
2025-01-20T00:00:00,Monday,11,Soup,44
2025-01-20T00:00:00,Monday,11,Sandwich,38
2025-01-20T00:00:00,Monday,11,Pizza,5
2025-01-20T00:00:00,Monday,11,Salad,5
2025-01-20T00:00:00,Monday,11,Sushi,5
2025-01-20T00:00:00,Monday,11,Tacos,5
2025-01-20T00:00:00,Monday,12,Steak,10
2025-01-20T00:00:00,Monday,12,Soup,48
2025-01-20T00:00:00,Monday,12,Sandwich,46
2025-01-20T00:00:00,Monday,12,Pizza,10
2025-01-20T00:00:00,Monday,12,Salad,10
2025-01-20T00:00:00,Monday,12,Sushi,10
2025-01-20T00:00:00,Monday,12,Tacos,10
2025-01-20T00:00:00,Monday,13,Steak,15
2025-01-20T00:00:00,Monday,13,Soup,2
2025-01-20T00:00:00,Monday,13,Sandwich,4
2025-01-20T00:00:00,Monday,13,Pizza,15
2025-01-20T00:00:00,Monday,13,Salad,15
2025-01-20T00:00:00,Monday,13,Sushi,15
2025-01-20T00:00:00,Monday,13,Tacos,15
2025-01-20T00:00:00,Monday,14,Steak,20
2025-01-20T00:00:00,Monday,14,Soup,6
2025-01-20T00:00:00,Monday,14,Sandwich,12
2025-01-20T00:00:00,Monday,14,Pizza,20
2025-01-20T00:00:00,Monday,14,Salad,20
2025-01-20T00:00:00,Monday,14,Sushi,20
2025-01-20T00:00:00,Monday,14,Tacos,20
2025-01-20T00:00:00,Monday,15,Steak,25
2025-01-20T00:00:00,Monday,15,Soup,10
2025-01-20T00:00:00,Monday,15,Sandwich,20
2025-01-20T00:00:00,Monday,15,Pizza,25
2025-01-20T00:00:00,Monday,15,Salad,25
2025-01-20T00:00:00,Monday,15,Sushi,25
2025-01-20T00:00:00,Monday,15,Tacos,25
2025-01-20T00:00:00,Monday,16,Steak,30
2025-01-20T00:00:00,Monday,16,Soup,14
2025-01-20T00:00:00,Monday,16,Sandwich,28
2025-01-20T00:00:00,Monday,16,Pizza,30
2025-01-20T00:00:00,Monday,16,Salad,30
2025-01-20T00:00:00,Monday,16,Sushi,30
2025-01-20T00:00:00,Monday,16,Tacos,30
2025-01-20T00:00:00,Monday,17,Steak,35
2025-01-20T00:00:00,Monday,17,Soup,18
2025-01-20T00:00:00,Monday,17,Sandwich,36
2025-01-20T00:00:00,Monday,17,Pizza,35
2025-01-20T00:00:00,Monday,17,Salad,35
2025-01-20T00:00:00,Monday,17,Sushi,35
2025-01-20T00:00:00,Monday,17,Tacos,35
2025-01-20T00:00:00,Monday,18,Steak,40
2025-01-20T00:00:00,Monday,18,Soup,22
2025-01-20T00:00:00,Monday,18,Sandwich,44
2025-01-20T00:00:00,Monday,18,Pizza,40
2025-01-20T00:00:00,Monday,18,Salad,40
2025-01-20T00:00:00,Monday,18,Sushi,40
2025-01-20T00:00:00,Monday,18,Tacos,40
2025-01-20T00:00:00,Monday,19,Steak,45
2025-01-20T00:00:00,Monday,19,Soup,26
2025-01-20T00:00:00,Monday,19,Sandwich,2
2025-01-20T00:00:00,Monday,19,Pizza,45
2025-01-20T00:00:00,Monday,19,Salad,45
2025-01-20T00:00:00,Monday,19,Sushi,45
2025-01-20T00:00:00,Monday,19,Tacos,45
2025-01-20T00:00:00,Monday,20,Steak,0
2025-01-20T00:00:00,Monday,20,Soup,30
2025-01-20T00:00:00,Monday,20,Sandwich,10
2025-01-20T00:00:00,Monday,20,Pizza,0
2025-01-20T00:00:00,Monday,20,Salad,0
2025-01-20T00:00:00,Monday,20,Sushi,0
2025-01-20T00:00:00,Monday,20,Tacos,0
2025-01-20T00:00:00,Monday,21,Steak,5
2025-01-20T00:00:00,Monday,21,Soup,34
2025-01-20T00:00:00,Monday,21,Sandwich,18
2025-01-20T00:00:00,Monday,21,Pizza,5
2025-01-20T00:00:00,Monday,21,Salad,5
2025-01-20T00:00:00,Monday,21,Sushi,5
2025-01-20T00:00:00,Monday,21,Tacos,5
2025-01-20T00:00:00,Monday,22,Steak,10
2025-01-20T00:00:00,Monday,22,Soup,38
2025-01-20T00:00:00,Monday,22,Sandwich,26
2025-01-20T00:00:00,Monday,22,Pizza,10
2025-01-20T00:00:00,Monday,22,Salad,10
2025-01-20T00:00:00,Monday,22,Sushi,10
2025-01-20T00:00:00,Monday,22,Tacos,10
2025-01-20T00:00:00,Monday,23,Steak,15
2025-01-20T00:00:00,Monday,23,Soup,42
2025-01-20T00:00:00,Monday,23,Sandwich,34
2025-01-20T00:00:00,Monday,23,Pizza,15
2025-01-20T00:00:00,Monday,23,Salad,15
2025-01-20T00:00:00,Monday,23,Sushi,15
2025-01-20T00:00:00,Monday,23,Tacos,15
2025-01-21T00:00:00,Tuesday,0,Steak,0
2025-01-21T00:00:00,Tuesday,0,Soup,0
2025-01-21T00:00:00,Tuesday,0,Sandwich,0
2025-01-21T00:00:00,Tuesday,0,Pizza,0
2025-01-21T00:00:00,Tuesday,0,Salad,0
2025-01-21T00:00:00,Tuesday,0,Sushi,0
2025-01-21T00:00:00,Tuesday,0,Tacos,0
2025-01-21T00:00:00,Tuesday,1,Steak,5
2025-01-21T00:00:00,Tuesday,1,Soup,4
2025-01-21T00:00:00,Tuesday,1,Sandwich,8
2025-01-21T00:00:00,Tuesday,1,Pizza,5
2025-01-21T00:00:00,Tuesday,1,Salad,5
2025-01-21T00:00:00,Tuesday,1,Sushi,5
2025-01-21T00:00:00,Tuesday,1,Tacos,5
2025-01-21T00:00:00,Tuesday,2,Steak,10
2025-01-21T00:00:00,Tuesday,2,Soup,8
2025-01-21T00:00:00,Tuesday,2,Sandwich,16
2025-01-21T00:00:00,Tuesday,2,Pizza,10
2025-01-21T00:00:00,Tuesday,2,Salad,10
2025-01-21T00:00:00,Tuesday,2,Sushi,10
2025-01-21T00:00:00,Tuesday,2,Tacos,10
2025-01-21T00:00:00,Tuesday,3,Steak,15
2025-01-21T00:00:00,Tuesday,3,Soup,12
2025-01-21T00:00:00,Tuesday,3,Sandwich,24
2025-01-21T00:00:00,Tuesday,3,Pizza,15
2025-01-21T00:00:00,Tuesday,3,Salad,15
2025-01-21T00:00:00,Tuesday,3,Sushi,15
2025-01-21T00:00:00,Tuesday,3,Tacos,15
2025-01-21T00:00:00,Tuesday,4,Steak,20
2025-01-21T00:00:00,Tuesday,4,Soup,16
2025-01-21T00:00:00,Tuesday,4,Sandwich,32
2025-01-21T00:00:00,Tuesday,4,Pizza,20
2025-01-21T00:00:00,Tuesday,4,Salad,20
2025-01-21T00:00:00,Tuesday,4,Sushi,20
2025-01-21T00:00:00,Tuesday,4,Tacos,20
2025-01-21T00:00:00,Tuesday,5,Steak,25
2025-01-21T00:00:00,Tuesday,5,Soup,20
2025-01-21T00:00:00,Tuesday,5,Sandwich,40
2025-01-21T00:00:00,Tuesday,5,Pizza,25
2025-01-21T00:00:00,Tuesday,5,Salad,25
2025-01-21T00:00:00,Tuesday,5,Sushi,25
2025-01-21T00:00:00,Tuesday,5,Tacos,25
2025-01-21T00:00:00,Tuesday,6,Steak,30
2025-01-21T00:00:00,Tuesday,6,Soup,24
2025-01-21T00:00:00,Tuesday,6,Sandwich,48
2025-01-21T00:00:00,Tuesday,6,Pizza,30
2025-01-21T00:00:00,Tuesday,6,Salad,30
2025-01-21T00:00:00,Tuesday,6,Sushi,30
2025-01-21T00:00:00,Tuesday,6,Tacos,30
2025-01-21T00:00:00,Tuesday,7,Steak,35
2025-01-21T00:00:00,Tuesday,7,Soup,28
2025-01-21T00:00:00,Tuesday,7,Sandwich,6
2025-01-21T00:00:00,Tuesday,7,Pizza,35
2025-01-21T00:00:00,Tuesday,7,Salad,35
2025-01-21T00:00:00,Tuesday,7,Sushi,35
2025-01-21T00:00:00,Tuesday,7,Tacos,35
2025-01-21T00:00:00,Tuesday,8,Steak,40
2025-01-21T00:00:00,Tuesday,8,Soup,32
2025-01-21T00:00:00,Tuesday,8,Sandwich,14
2025-01-21T00:00:00,Tuesday,8,Pizza,40
2025-01-21T00:00:00,Tuesday,8,Salad,40
2025-01-21T00:00:00,Tuesday,8,Sushi,40
2025-01-21T00:00:00,Tuesday,8,Tacos,40
2025-01-21T00:00:00,Tuesday,9,Steak,45
2025-01-21T00:00:00,Tuesday,9,Soup,36
2025-01-21T00:00:00,Tuesday,9,Sandwich,22
2025-01-21T00:00:00,Tuesday,9,Pizza,45
2025-01-21T00:00:00,Tuesday,9,Salad,45
2025-01-21T00:00:00,Tuesday,9,Sushi,45
2025-01-21T00:00:00,Tuesday,9,Tacos,45
2025-01-21T00:00:00,Tuesday,10,Steak,0
2025-01-21T00:00:00,Tuesday,10,Soup,40
2025-01-21T00:00:00,Tuesday,10,Sandwich,30
2025-01-21T00:00:00,Tuesday,10,Pizza,0
2025-01-21T00:00:00,Tuesday,10,Salad,0
2025-01-21T00:00:00,Tuesday,10,Sushi,0
2025-01-21T00:00:00,Tuesday,10,Tacos,0
2025-01-21T00:00:00,Tuesday,11,Steak,5
2025-01-21T00:00:00,Tuesday,11,Soup,44
2025-01-21T00:00:00,Tuesday,11,Sandwich,38
2025-01-21T00:00:00,Tuesday,11,Pizza,5
2025-01-21T00:00:00,Tuesday,11,Salad,5
2025-01-21T00:00:00,Tuesday,11,Sushi,5
2025-01-21T00:00:00,Tuesday,11,Tacos,5
2025-01-21T00:00:00,Tuesday,12,Steak,10
2025-01-21T00:00:00,Tuesday,12,Soup,48
2025-01-21T00:00:00,Tuesday,12,Sandwich,46
2025-01-21T00:00:00,Tuesday,12,Pizza,10
2025-01-21T00:00:00,Tuesday,12,Salad,10
2025-01-21T00:00:00,Tuesday,12,Sushi,10
2025-01-21T00:00:00,Tuesday,12,Tacos,10
2025-01-21T00:00:00,Tuesday,13,Steak,15
2025-01-21T00:00:00,Tuesday,13,Soup,2
2025-01-21T00:00:00,Tuesday,13,Sandwich,4
2025-01-21T00:00:00,Tuesday,13,Pizza,15
2025-01-21T00:00:00,Tuesday,13,Salad,15
2025-01-21T00:00:00,Tuesday,13,Sushi,15
2025-01-21T00:00:00,Tuesday,13,Tacos,15
2025-01-21T00:00:00,Tuesday,14,Steak,20
2025-01-21T00:00:00,Tuesday,14,Soup,6
2025-01-21T00:00:00,Tuesday,14,Sandwich,12
2025-01-21T00:00:00,Tuesday,14,Pizza,20
2025-01-21T00:00:00,Tuesday,14,Salad,20
2025-01-21T00:00:00,Tuesday,14,Sushi,20
2025-01-21T00:00:00,Tuesday,14,Tacos,20
2025-01-21T00:00:00,Tuesday,15,Steak,25
2025-01-21T00:00:00,Tuesday,15,Soup,10
2025-01-21T00:00:00,Tuesday,15,Sandwich,20
2025-01-21T00:00:00,Tuesday,15,Pizza,25
2025-01-21T00:00:00,Tuesday,15,Salad,25
2025-01-21T00:00:00,Tuesday,15,Sushi,25
2025-01-21T00:00:00,Tuesday,15,Tacos,25
2025-01-21T00:00:00,Tuesday,16,Steak,30
2025-01-21T00:00:00,Tuesday,16,Soup,14
2025-01-21T00:00:00,Tuesday,16,Sandwich,28
2025-01-21T00:00:00,Tuesday,16,Pizza,30
2025-01-21T00:00:00,Tuesday,16,Salad,30
2025-01-21T00:00:00,Tuesday,16,Sushi,30
2025-01-21T00:00:00,Tuesday,16,Tacos,30
2025-01-21T00:00:00,Tuesday,17,Steak,35
2025-01-21T00:00:00,Tuesday,17,Soup,18
2025-01-21T00:00:00,Tuesday,17,Sandwich,36
2025-01-21T00:00:00,Tuesday,17,Pizza,35
2025-01-21T00:00:00,Tuesday,17,Salad,35
2025-01-21T00:00:00,Tuesday,17,Sushi,35
2025-01-21T00:00:00,Tuesday,17,Tacos,35
2025-01-21T00:00:00,Tuesday,18,Steak,40
2025-01-21T00:00:00,Tuesday,18,Soup,22
2025-01-21T00:00:00,Tuesday,18,Sandwich,44
2025-01-21T00:00:00,Tuesday,18,Pizza,40
2025-01-21T00:00:00,Tuesday,18,Salad,40
2025-01-21T00:00:00,Tuesday,18,Sushi,40
2025-01-21T00:00:00,Tuesday,18,Tacos,40
2025-01-21T00:00:00,Tuesday,19,Steak,45
2025-01-21T00:00:00,Tuesday,19,Soup,26
2025-01-21T00:00:00,Tuesday,19,Sandwich,2
2025-01-21T00:00:00,Tuesday,19,Pizza,45
2025-01-21T00:00:00,Tuesday,19,Salad,45
2025-01-21T00:00:00,Tuesday,19,Sushi,45
2025-01-21T00:00:00,Tuesday,19,Tacos,45
2025-01-21T00:00:00,Tuesday,20,Steak,0
2025-01-21T00:00:00,Tuesday,20,Soup,30
2025-01-21T00:00:00,Tuesday,20,Sandwich,10
2025-01-21T00:00:00,Tuesday,20,Pizza,0
2025-01-21T00:00:00,Tuesday,20,Salad,0
2025-01-21T00:00:00,Tuesday,20,Sushi,0
2025-01-21T00:00:00,Tuesday,20,Tacos,0
2025-01-21T00:00:00,Tuesday,21,Steak,5
2025-01-21T00:00:00,Tuesday,21,Soup,34
2025-01-21T00:00:00,Tuesday,21,Sandwich,18
2025-01-21T00:00:00,Tuesday,21,Pizza,5
2025-01-21T00:00:00,Tuesday,21,Salad,5
2025-01-21T00:00:00,Tuesday,21,Sushi,5
2025-01-21T00:00:00,Tuesday,21,Tacos,5
2025-01-21T00:00:00,Tuesday,22,Steak,10
2025-01-21T00:00:00,Tuesday,22,Soup,38
2025-01-21T00:00:00,Tuesday,22,Sandwich,26
2025-01-21T00:00:00,Tuesday,22,Pizza,10
2025-01-21T00:00:00,Tuesday,22,Salad,10
2025-01-21T00:00:00,Tuesday,22,Sushi,10
2025-01-21T00:00:00,Tuesday,22,Tacos,10
2025-01-21T00:00:00,Tuesday,23,Steak,15
2025-01-21T00:00:00,Tuesday,23,Soup,42
2025-01-21T00:00:00,Tuesday,23,Sandwich,34
2025-01-21T00:00:00,Tuesday,23,Pizza,15
2025-01-21T00:00:00,Tuesday,23,Salad,15
2025-01-21T00:00:00,Tuesday,23,Sushi,15
2025-01-21T00:00:00,Tuesday,23,Tacos,15
2025-01-22T00:00:00,Wednesday,0,Steak,0
2025-01-22T00:00:00,Wednesday,0,Soup,0
2025-01-22T00:00:00,Wednesday,0,Sandwich,0
2025-01-22T00:00:00,Wednesday,0,Pizza,0
2025-01-22T00:00:00,Wednesday,0,Salad,0
2025-01-22T00:00:00,Wednesday,0,Sushi,0
2025-01-22T00:00:00,Wednesday,0,Tacos,0
2025-01-22T00:00:00,Wednesday,1,Steak,5
2025-01-22T00:00:00,Wednesday,1,Soup,4
2025-01-22T00:00:00,Wednesday,1,Sandwich,8
2025-01-22T00:00:00,Wednesday,1,Pizza,5
2025-01-22T00:00:00,Wednesday,1,Salad,5
2025-01-22T00:00:00,Wednesday,1,Sushi,5
2025-01-22T00:00:00,Wednesday,1,Tacos,5
2025-01-22T00:00:00,Wednesday,2,Steak,10
2025-01-22T00:00:00,Wednesday,2,Soup,8
2025-01-22T00:00:00,Wednesday,2,Sandwich,16
2025-01-22T00:00:00,Wednesday,2,Pizza,10
2025-01-22T00:00:00,Wednesday,2,Salad,10
2025-01-22T00:00:00,Wednesday,2,Sushi,10
2025-01-22T00:00:00,Wednesday,2,Tacos,10
2025-01-22T00:00:00,Wednesday,3,Steak,15
2025-01-22T00:00:00,Wednesday,3,Soup,12
2025-01-22T00:00:00,Wednesday,3,Sandwich,24
2025-01-22T00:00:00,Wednesday,3,Pizza,15
2025-01-22T00:00:00,Wednesday,3,Salad,15
2025-01-22T00:00:00,Wednesday,3,Sushi,15
2025-01-22T00:00:00,Wednesday,3,Tacos,15
2025-01-22T00:00:00,Wednesday,4,Steak,20
2025-01-22T00:00:00,Wednesday,4,Soup,16
2025-01-22T00:00:00,Wednesday,4,Sandwich,32
2025-01-22T00:00:00,Wednesday,4,Pizza,20
2025-01-22T00:00:00,Wednesday,4,Salad,20
2025-01-22T00:00:00,Wednesday,4,Sushi,20
2025-01-22T00:00:00,Wednesday,4,Tacos,20
2025-01-22T00:00:00,Wednesday,5,Steak,25
2025-01-22T00:00:00,Wednesday,5,Soup,20
2025-01-22T00:00:00,Wednesday,5,Sandwich,40
2025-01-22T00:00:00,Wednesday,5,Pizza,25
2025-01-22T00:00:00,Wednesday,5,Salad,25
2025-01-22T00:00:00,Wednesday,5,Sushi,25
2025-01-22T00:00:00,Wednesday,5,Tacos,25
2025-01-22T00:00:00,Wednesday,6,Steak,30
2025-01-22T00:00:00,Wednesday,6,Soup,24
2025-01-22T00:00:00,Wednesday,6,Sandwich,48
2025-01-22T00:00:00,Wednesday,6,Pizza,30
2025-01-22T00:00:00,Wednesday,6,Salad,30
2025-01-22T00:00:00,Wednesday,6,Sushi,30
2025-01-22T00:00:00,Wednesday,6,Tacos,30
2025-01-22T00:00:00,Wednesday,7,Steak,35
2025-01-22T00:00:00,Wednesday,7,Soup,28
2025-01-22T00:00:00,Wednesday,7,Sandwich,6
2025-01-22T00:00:00,Wednesday,7,Pizza,35
2025-01-22T00:00:00,Wednesday,7,Salad,35
2025-01-22T00:00:00,Wednesday,7,Sushi,35
2025-01-22T00:00:00,Wednesday,7,Tacos,35
2025-01-22T00:00:00,Wednesday,8,Steak,40
2025-01-22T00:00:00,Wednesday,8,Soup,32
2025-01-22T00:00:00,Wednesday,8,Sandwich,14
2025-01-22T00:00:00,Wednesday,8,Pizza,40
2025-01-22T00:00:00,Wednesday,8,Salad,40
2025-01-22T00:00:00,Wednesday,8,Sushi,40
2025-01-22T00:00:00,Wednesday,8,Tacos,40
2025-01-22T00:00:00,Wednesday,9,Steak,45
2025-01-22T00:00:00,Wednesday,9,Soup,36
2025-01-22T00:00:00,Wednesday,9,Sandwich,22
2025-01-22T00:00:00,Wednesday,9,Pizza,45
2025-01-22T00:00:00,Wednesday,9,Salad,45
2025-01-22T00:00:00,Wednesday,9,Sushi,45
2025-01-22T00:00:00,Wednesday,9,Tacos,45
2025-01-22T00:00:00,Wednesday,10,Steak,0
2025-01-22T00:00:00,Wednesday,10,Soup,40
2025-01-22T00:00:00,Wednesday,10,Sandwich,30
2025-01-22T00:00:00,Wednesday,10,Pizza,0
2025-01-22T00:00:00,Wednesday,10,Salad,0
2025-01-22T00:00:00,Wednesday,10,Sushi,0
2025-01-22T00:00:00,Wednesday,10,Tacos,0
2025-01-22T00:00:00,Wednesday,11,Steak,5
2025-01-22T00:00:00,Wednesday,11,Soup,44
2025-01-22T00:00:00,Wednesday,11,Sandwich,38
2025-01-22T00:00:00,Wednesday,11,Pizza,5
2025-01-22T00:00:00,Wednesday,11,Salad,5
2025-01-22T00:00:00,Wednesday,11,Sushi,5
2025-01-22T00:00:00,Wednesday,11,Tacos,5
2025-01-22T00:00:00,Wednesday,12,Steak,10
2025-01-22T00:00:00,Wednesday,12,Soup,48
2025-01-22T00:00:00,Wednesday,12,Sandwich,46
2025-01-22T00:00:00,Wednesday,12,Pizza,10
2025-01-22T00:00:00,Wednesday,12,Salad,10
2025-01-22T00:00:00,Wednesday,12,Sushi,10
2025-01-22T00:00:00,Wednesday,12,Tacos,10
2025-01-22T00:00:00,Wednesday,13,Steak,15
2025-01-22T00:00:00,Wednesday,13,Soup,2
2025-01-22T00:00:00,Wednesday,13,Sandwich,4
2025-01-22T00:00:00,Wednesday,13,Pizza,15
2025-01-22T00:00:00,Wednesday,13,Salad,15
2025-01-22T00:00:00,Wednesday,13,Sushi,15
2025-01-22T00:00:00,Wednesday,13,Tacos,15
2025-01-22T00:00:00,Wednesday,14,Steak,20
2025-01-22T00:00:00,Wednesday,14,Soup,6
2025-01-22T00:00:00,Wednesday,14,Sandwich,12
2025-01-22T00:00:00,Wednesday,14,Pizza,20
2025-01-22T00:00:00,Wednesday,14,Salad,20
2025-01-22T00:00:00,Wednesday,14,Sushi,20
2025-01-22T00:00:00,Wednesday,14,Tacos,20
2025-01-22T00:00:00,Wednesday,15,Steak,25
2025-01-22T00:00:00,Wednesday,15,Soup,10
2025-01-22T00:00:00,Wednesday,15,Sandwich,20
2025-01-22T00:00:00,Wednesday,15,Pizza,25
2025-01-22T00:00:00,Wednesday,15,Salad,25
2025-01-22T00:00:00,Wednesday,15,Sushi,25
2025-01-22T00:00:00,Wednesday,15,Tacos,25
2025-01-22T00:00:00,Wednesday,16,Steak,30
2025-01-22T00:00:00,Wednesday,16,Soup,14
2025-01-22T00:00:00,Wednesday,16,Sandwich,28
2025-01-22T00:00:00,Wednesday,16,Pizza,30
2025-01-22T00:00:00,Wednesday,16,Salad,30
2025-01-22T00:00:00,Wednesday,16,Sushi,30
2025-01-22T00:00:00,Wednesday,16,Tacos,30
2025-01-22T00:00:00,Wednesday,17,Steak,35
2025-01-22T00:00:00,Wednesday,17,Soup,18
2025-01-22T00:00:00,Wednesday,17,Sandwich,36
2025-01-22T00:00:00,Wednesday,17,Pizza,35
2025-01-22T00:00:00,Wednesday,17,Salad,35
2025-01-22T00:00:00,Wednesday,17,Sushi,35
2025-01-22T00:00:00,Wednesday,17,Tacos,35
2025-01-22T00:00:00,Wednesday,18,Steak,40
2025-01-22T00:00:00,Wednesday,18,Soup,22
2025-01-22T00:00:00,Wednesday,18,Sandwich,44
2025-01-22T00:00:00,Wednesday,18,Pizza,40
2025-01-22T00:00:00,Wednesday,18,Salad,40
2025-01-22T00:00:00,Wednesday,18,Sushi,40
2025-01-22T00:00:00,Wednesday,18,Tacos,40
2025-01-22T00:00:00,Wednesday,19,Steak,45
2025-01-22T00:00:00,Wednesday,19,Soup,26
2025-01-22T00:00:00,Wednesday,19,Sandwich,2
2025-01-22T00:00:00,Wednesday,19,Pizza,45
2025-01-22T00:00:00,Wednesday,19,Salad,45
2025-01-22T00:00:00,Wednesday,19,Sushi,45
2025-01-22T00:00:00,Wednesday,19,Tacos,45
2025-01-22T00:00:00,Wednesday,20,Steak,0
2025-01-22T00:00:00,Wednesday,20,Soup,30
2025-01-22T00:00:00,Wednesday,20,Sandwich,10
2025-01-22T00:00:00,Wednesday,20,Pizza,0
2025-01-22T00:00:00,Wednesday,20,Salad,0
2025-01-22T00:00:00,Wednesday,20,Sushi,0
2025-01-22T00:00:00,Wednesday,20,Tacos,0
2025-01-22T00:00:00,Wednesday,21,Steak,5
2025-01-22T00:00:00,Wednesday,21,Soup,34
2025-01-22T00:00:00,Wednesday,21,Sandwich,18
2025-01-22T00:00:00,Wednesday,21,Pizza,5
2025-01-22T00:00:00,Wednesday,21,Salad,5
2025-01-22T00:00:00,Wednesday,21,Sushi,5
2025-01-22T00:00:00,Wednesday,21,Tacos,5
2025-01-22T00:00:00,Wednesday,22,Steak,10
2025-01-22T00:00:00,Wednesday,22,Soup,38
2025-01-22T00:00:00,Wednesday,22,Sandwich,26
2025-01-22T00:00:00,Wednesday,22,Pizza,10
2025-01-22T00:00:00,Wednesday,22,Salad,10
2025-01-22T00:00:00,Wednesday,22,Sushi,10
2025-01-22T00:00:00,Wednesday,22,Tacos,10
2025-01-22T00:00:00,Wednesday,23,Steak,15
2025-01-22T00:00:00,Wednesday,23,Soup,42
2025-01-22T00:00:00,Wednesday,23,Sandwich,34
2025-01-22T00:00:00,Wednesday,23,Pizza,15
2025-01-22T00:00:00,Wednesday,23,Salad,15
2025-01-22T00:00:00,Wednesday,23,Sushi,15
2025-01-22T00:00:00,Wednesday,23,Tacos,15
2025-01-23T00:00:00,Thursday,0,Steak,0
2025-01-23T00:00:00,Thursday,0,Soup,0
2025-01-23T00:00:00,Thursday,0,Sandwich,0
2025-01-23T00:00:00,Thursday,0,Pizza,0
2025-01-23T00:00:00,Thursday,0,Salad,0
2025-01-23T00:00:00,Thursday,0,Sushi,0
2025-01-23T00:00:00,Thursday,0,Tacos,0
2025-01-23T00:00:00,Thursday,1,Steak,5
2025-01-23T00:00:00,Thursday,1,Soup,4
2025-01-23T00:00:00,Thursday,1,Sandwich,8
2025-01-23T00:00:00,Thursday,1,Pizza,5
2025-01-23T00:00:00,Thursday,1,Salad,5
2025-01-23T00:00:00,Thursday,1,Sushi,5
2025-01-23T00:00:00,Thursday,1,Tacos,5
2025-01-23T00:00:00,Thursday,2,Steak,10
2025-01-23T00:00:00,Thursday,2,Soup,8
2025-01-23T00:00:00,Thursday,2,Sandwich,16
2025-01-23T00:00:00,Thursday,2,Pizza,10
2025-01-23T00:00:00,Thursday,2,Salad,10
2025-01-23T00:00:00,Thursday,2,Sushi,10
2025-01-23T00:00:00,Thursday,2,Tacos,10
2025-01-23T00:00:00,Thursday,3,Steak,15
2025-01-23T00:00:00,Thursday,3,Soup,12
2025-01-23T00:00:00,Thursday,3,Sandwich,24
2025-01-23T00:00:00,Thursday,3,Pizza,15
2025-01-23T00:00:00,Thursday,3,Salad,15
2025-01-23T00:00:00,Thursday,3,Sushi,15
2025-01-23T00:00:00,Thursday,3,Tacos,15
2025-01-23T00:00:00,Thursday,4,Steak,20
2025-01-23T00:00:00,Thursday,4,Soup,16
2025-01-23T00:00:00,Thursday,4,Sandwich,32
2025-01-23T00:00:00,Thursday,4,Pizza,20
2025-01-23T00:00:00,Thursday,4,Salad,20
2025-01-23T00:00:00,Thursday,4,Sushi,20
2025-01-23T00:00:00,Thursday,4,Tacos,20
2025-01-23T00:00:00,Thursday,5,Steak,25
2025-01-23T00:00:00,Thursday,5,Soup,20
2025-01-23T00:00:00,Thursday,5,Sandwich,40
2025-01-23T00:00:00,Thursday,5,Pizza,25
2025-01-23T00:00:00,Thursday,5,Salad,25
2025-01-23T00:00:00,Thursday,5,Sushi,25
2025-01-23T00:00:00,Thursday,5,Tacos,25
2025-01-23T00:00:00,Thursday,6,Steak,30
2025-01-23T00:00:00,Thursday,6,Soup,24
2025-01-23T00:00:00,Thursday,6,Sandwich,48
2025-01-23T00:00:00,Thursday,6,Pizza,30
2025-01-23T00:00:00,Thursday,6,Salad,30
2025-01-23T00:00:00,Thursday,6,Sushi,30
2025-01-23T00:00:00,Thursday,6,Tacos,30
2025-01-23T00:00:00,Thursday,7,Steak,35
2025-01-23T00:00:00,Thursday,7,Soup,28
2025-01-23T00:00:00,Thursday,7,Sandwich,6
2025-01-23T00:00:00,Thursday,7,Pizza,35
2025-01-23T00:00:00,Thursday,7,Salad,35
2025-01-23T00:00:00,Thursday,7,Sushi,35
2025-01-23T00:00:00,Thursday,7,Tacos,35
2025-01-23T00:00:00,Thursday,8,Steak,40
2025-01-23T00:00:00,Thursday,8,Soup,32
2025-01-23T00:00:00,Thursday,8,Sandwich,14
2025-01-23T00:00:00,Thursday,8,Pizza,40
2025-01-23T00:00:00,Thursday,8,Salad,40
2025-01-23T00:00:00,Thursday,8,Sushi,40
2025-01-23T00:00:00,Thursday,8,Tacos,40
2025-01-23T00:00:00,Thursday,9,Steak,45
2025-01-23T00:00:00,Thursday,9,Soup,36
2025-01-23T00:00:00,Thursday,9,Sandwich,22
2025-01-23T00:00:00,Thursday,9,Pizza,45
2025-01-23T00:00:00,Thursday,9,Salad,45
2025-01-23T00:00:00,Thursday,9,Sushi,45
2025-01-23T00:00:00,Thursday,9,Tacos,45
2025-01-23T00:00:00,Thursday,10,Steak,0
2025-01-23T00:00:00,Thursday,10,Soup,40
2025-01-23T00:00:00,Thursday,10,Sandwich,30
2025-01-23T00:00:00,Thursday,10,Pizza,0
2025-01-23T00:00:00,Thursday,10,Salad,0
2025-01-23T00:00:00,Thursday,10,Sushi,0
2025-01-23T00:00:00,Thursday,10,Tacos,0
2025-01-23T00:00:00,Thursday,11,Steak,5
2025-01-23T00:00:00,Thursday,11,Soup,44
2025-01-23T00:00:00,Thursday,11,Sandwich,38
2025-01-23T00:00:00,Thursday,11,Pizza,5
2025-01-23T00:00:00,Thursday,11,Salad,5
2025-01-23T00:00:00,Thursday,11,Sushi,5
2025-01-23T00:00:00,Thursday,11,Tacos,5
2025-01-23T00:00:00,Thursday,12,Steak,10
2025-01-23T00:00:00,Thursday,12,Soup,48
2025-01-23T00:00:00,Thursday,12,Sandwich,46
2025-01-23T00:00:00,Thursday,12,Pizza,10
2025-01-23T00:00:00,Thursday,12,Salad,10
2025-01-23T00:00:00,Thursday,12,Sushi,10
2025-01-23T00:00:00,Thursday,12,Tacos,10
2025-01-23T00:00:00,Thursday,13,Steak,15
2025-01-23T00:00:00,Thursday,13,Soup,2
2025-01-23T00:00:00,Thursday,13,Sandwich,4
2025-01-23T00:00:00,Thursday,13,Pizza,15
2025-01-23T00:00:00,Thursday,13,Salad,15
2025-01-23T00:00:00,Thursday,13,Sushi,15
2025-01-23T00:00:00,Thursday,13,Tacos,15
2025-01-23T00:00:00,Thursday,14,Steak,20
2025-01-23T00:00:00,Thursday,14,Soup,6
2025-01-23T00:00:00,Thursday,14,Sandwich,12
2025-01-23T00:00:00,Thursday,14,Pizza,20
2025-01-23T00:00:00,Thursday,14,Salad,20
2025-01-23T00:00:00,Thursday,14,Sushi,20
2025-01-23T00:00:00,Thursday,14,Tacos,20
2025-01-23T00:00:00,Thursday,15,Steak,25
2025-01-23T00:00:00,Thursday,15,Soup,10
2025-01-23T00:00:00,Thursday,15,Sandwich,20
2025-01-23T00:00:00,Thursday,15,Pizza,25
2025-01-23T00:00:00,Thursday,15,Salad,25
2025-01-23T00:00:00,Thursday,15,Sushi,25
2025-01-23T00:00:00,Thursday,15,Tacos,25
2025-01-23T00:00:00,Thursday,16,Steak,30
2025-01-23T00:00:00,Thursday,16,Soup,14
2025-01-23T00:00:00,Thursday,16,Sandwich,28
2025-01-23T00:00:00,Thursday,16,Pizza,30
2025-01-23T00:00:00,Thursday,16,Salad,30
2025-01-23T00:00:00,Thursday,16,Sushi,30
2025-01-23T00:00:00,Thursday,16,Tacos,30
2025-01-23T00:00:00,Thursday,17,Steak,35
2025-01-23T00:00:00,Thursday,17,Soup,18
2025-01-23T00:00:00,Thursday,17,Sandwich,36
2025-01-23T00:00:00,Thursday,17,Pizza,35
2025-01-23T00:00:00,Thursday,17,Salad,35
2025-01-23T00:00:00,Thursday,17,Sushi,35
2025-01-23T00:00:00,Thursday,17,Tacos,35
2025-01-23T00:00:00,Thursday,18,Steak,40
2025-01-23T00:00:00,Thursday,18,Soup,22
2025-01-23T00:00:00,Thursday,18,Sandwich,44
2025-01-23T00:00:00,Thursday,18,Pizza,40
2025-01-23T00:00:00,Thursday,18,Salad,40
2025-01-23T00:00:00,Thursday,18,Sushi,40
2025-01-23T00:00:00,Thursday,18,Tacos,40
2025-01-23T00:00:00,Thursday,19,Steak,45
2025-01-23T00:00:00,Thursday,19,Soup,26
2025-01-23T00:00:00,Thursday,19,Sandwich,2
2025-01-23T00:00:00,Thursday,19,Pizza,45
2025-01-23T00:00:00,Thursday,19,Salad,45
2025-01-23T00:00:00,Thursday,19,Sushi,45
2025-01-23T00:00:00,Thursday,19,Tacos,45
2025-01-23T00:00:00,Thursday,20,Steak,0
2025-01-23T00:00:00,Thursday,20,Soup,30
2025-01-23T00:00:00,Thursday,20,Sandwich,10
2025-01-23T00:00:00,Thursday,20,Pizza,0
2025-01-23T00:00:00,Thursday,20,Salad,0
2025-01-23T00:00:00,Thursday,20,Sushi,0
2025-01-23T00:00:00,Thursday,20,Tacos,0
2025-01-23T00:00:00,Thursday,21,Steak,5
2025-01-23T00:00:00,Thursday,21,Soup,34
2025-01-23T00:00:00,Thursday,21,Sandwich,18
2025-01-23T00:00:00,Thursday,21,Pizza,5
2025-01-23T00:00:00,Thursday,21,Salad,5
2025-01-23T00:00:00,Thursday,21,Sushi,5
2025-01-23T00:00:00,Thursday,21,Tacos,5
2025-01-23T00:00:00,Thursday,22,Steak,10
2025-01-23T00:00:00,Thursday,22,Soup,38
2025-01-23T00:00:00,Thursday,22,Sandwich,26
2025-01-23T00:00:00,Thursday,22,Pizza,10
2025-01-23T00:00:00,Thursday,22,Salad,10
2025-01-23T00:00:00,Thursday,22,Sushi,10
2025-01-23T00:00:00,Thursday,22,Tacos,10
2025-01-23T00:00:00,Thursday,23,Steak,15
2025-01-23T00:00:00,Thursday,23,Soup,42
2025-01-23T00:00:00,Thursday,23,Sandwich,34
2025-01-23T00:00:00,Thursday,23,Pizza,15
2025-01-23T00:00:00,Thursday,23,Salad,15
2025-01-23T00:00:00,Thursday,23,Sushi,15
2025-01-23T00:00:00,Thursday,23,Tacos,15
2025-01-24T00:00:00,Friday,0,Steak,0
2025-01-24T00:00:00,Friday,0,Soup,0
2025-01-24T00:00:00,Friday,0,Sandwich,0
2025-01-24T00:00:00,Friday,0,Pizza,0
2025-01-24T00:00:00,Friday,0,Salad,0
2025-01-24T00:00:00,Friday,0,Sushi,0
2025-01-24T00:00:00,Friday,0,Tacos,0
2025-01-24T00:00:00,Friday,1,Steak,5
2025-01-24T00:00:00,Friday,1,Soup,4
2025-01-24T00:00:00,Friday,1,Sandwich,8
2025-01-24T00:00:00,Friday,1,Pizza,5
2025-01-24T00:00:00,Friday,1,Salad,5
2025-01-24T00:00:00,Friday,1,Sushi,5
2025-01-24T00:00:00,Friday,1,Tacos,5
2025-01-24T00:00:00,Friday,2,Steak,10
2025-01-24T00:00:00,Friday,2,Soup,8
2025-01-24T00:00:00,Friday,2,Sandwich,16
2025-01-24T00:00:00,Friday,2,Pizza,10
2025-01-24T00:00:00,Friday,2,Salad,10
2025-01-24T00:00:00,Friday,2,Sushi,10
2025-01-24T00:00:00,Friday,2,Tacos,10
2025-01-24T00:00:00,Friday,3,Steak,15
2025-01-24T00:00:00,Friday,3,Soup,12
2025-01-24T00:00:00,Friday,3,Sandwich,24
2025-01-24T00:00:00,Friday,3,Pizza,15
2025-01-24T00:00:00,Friday,3,Salad,15
2025-01-24T00:00:00,Friday,3,Sushi,15
2025-01-24T00:00:00,Friday,3,Tacos,15
2025-01-24T00:00:00,Friday,4,Steak,20
2025-01-24T00:00:00,Friday,4,Soup,16
2025-01-24T00:00:00,Friday,4,Sandwich,32
2025-01-24T00:00:00,Friday,4,Pizza,20
2025-01-24T00:00:00,Friday,4,Salad,20
2025-01-24T00:00:00,Friday,4,Sushi,20
2025-01-24T00:00:00,Friday,4,Tacos,20
2025-01-24T00:00:00,Friday,5,Steak,25
2025-01-24T00:00:00,Friday,5,Soup,20
2025-01-24T00:00:00,Friday,5,Sandwich,40
2025-01-24T00:00:00,Friday,5,Pizza,25
2025-01-24T00:00:00,Friday,5,Salad,25
2025-01-24T00:00:00,Friday,5,Sushi,25
2025-01-24T00:00:00,Friday,5,Tacos,25
2025-01-24T00:00:00,Friday,6,Steak,30
2025-01-24T00:00:00,Friday,6,Soup,24
2025-01-24T00:00:00,Friday,6,Sandwich,48
2025-01-24T00:00:00,Friday,6,Pizza,30
2025-01-24T00:00:00,Friday,6,Salad,30
2025-01-24T00:00:00,Friday,6,Sushi,30
2025-01-24T00:00:00,Friday,6,Tacos,30
2025-01-24T00:00:00,Friday,7,Steak,35
2025-01-24T00:00:00,Friday,7,Soup,28
2025-01-24T00:00:00,Friday,7,Sandwich,6
2025-01-24T00:00:00,Friday,7,Pizza,35
2025-01-24T00:00:00,Friday,7,Salad,35
2025-01-24T00:00:00,Friday,7,Sushi,35
2025-01-24T00:00:00,Friday,7,Tacos,35
2025-01-24T00:00:00,Friday,8,Steak,40
2025-01-24T00:00:00,Friday,8,Soup,32
2025-01-24T00:00:00,Friday,8,Sandwich,14
2025-01-24T00:00:00,Friday,8,Pizza,40
2025-01-24T00:00:00,Friday,8,Salad,40
2025-01-24T00:00:00,Friday,8,Sushi,40
2025-01-24T00:00:00,Friday,8,Tacos,40
2025-01-24T00:00:00,Friday,9,Steak,45
2025-01-24T00:00:00,Friday,9,Soup,36
2025-01-24T00:00:00,Friday,9,Sandwich,22
2025-01-24T00:00:00,Friday,9,Pizza,45
2025-01-24T00:00:00,Friday,9,Salad,45
2025-01-24T00:00:00,Friday,9,Sushi,45
2025-01-24T00:00:00,Friday,9,Tacos,45
2025-01-24T00:00:00,Friday,10,Steak,0
2025-01-24T00:00:00,Friday,10,Soup,40
2025-01-24T00:00:00,Friday,10,Sandwich,30
2025-01-24T00:00:00,Friday,10,Pizza,0
2025-01-24T00:00:00,Friday,10,Salad,0
2025-01-24T00:00:00,Friday,10,Sushi,0
2025-01-24T00:00:00,Friday,10,Tacos,0
2025-01-24T00:00:00,Friday,11,Steak,5
2025-01-24T00:00:00,Friday,11,Soup,44
2025-01-24T00:00:00,Friday,11,Sandwich,38
2025-01-24T00:00:00,Friday,11,Pizza,5
2025-01-24T00:00:00,Friday,11,Salad,5
2025-01-24T00:00:00,Friday,11,Sushi,5
2025-01-24T00:00:00,Friday,11,Tacos,5
2025-01-24T00:00:00,Friday,12,Steak,10
2025-01-24T00:00:00,Friday,12,Soup,48
2025-01-24T00:00:00,Friday,12,Sandwich,46
2025-01-24T00:00:00,Friday,12,Pizza,10
2025-01-24T00:00:00,Friday,12,Salad,10
2025-01-24T00:00:00,Friday,12,Sushi,10
2025-01-24T00:00:00,Friday,12,Tacos,10
2025-01-24T00:00:00,Friday,13,Steak,15
2025-01-24T00:00:00,Friday,13,Soup,2
2025-01-24T00:00:00,Friday,13,Sandwich,4
2025-01-24T00:00:00,Friday,13,Pizza,15
2025-01-24T00:00:00,Friday,13,Salad,15
2025-01-24T00:00:00,Friday,13,Sushi,15
2025-01-24T00:00:00,Friday,13,Tacos,15
2025-01-24T00:00:00,Friday,14,Steak,20
2025-01-24T00:00:00,Friday,14,Soup,6
2025-01-24T00:00:00,Friday,14,Sandwich,12
2025-01-24T00:00:00,Friday,14,Pizza,20
2025-01-24T00:00:00,Friday,14,Salad,20
2025-01-24T00:00:00,Friday,14,Sushi,20
2025-01-24T00:00:00,Friday,14,Tacos,20
2025-01-24T00:00:00,Friday,15,Steak,25
2025-01-24T00:00:00,Friday,15,Soup,10
2025-01-24T00:00:00,Friday,15,Sandwich,20
2025-01-24T00:00:00,Friday,15,Pizza,25
2025-01-24T00:00:00,Friday,15,Salad,25
2025-01-24T00:00:00,Friday,15,Sushi,25
2025-01-24T00:00:00,Friday,15,Tacos,25
2025-01-24T00:00:00,Friday,16,Steak,30
2025-01-24T00:00:00,Friday,16,Soup,14
2025-01-24T00:00:00,Friday,16,Sandwich,28
2025-01-24T00:00:00,Friday,16,Pizza,30
2025-01-24T00:00:00,Friday,16,Salad,30
2025-01-24T00:00:00,Friday,16,Sushi,30
2025-01-24T00:00:00,Friday,16,Tacos,30
2025-01-24T00:00:00,Friday,17,Steak,35
2025-01-24T00:00:00,Friday,17,Soup,18
2025-01-24T00:00:00,Friday,17,Sandwich,36
2025-01-24T00:00:00,Friday,17,Pizza,35
2025-01-24T00:00:00,Friday,17,Salad,35
2025-01-24T00:00:00,Friday,17,Sushi,35
2025-01-24T00:00:00,Friday,17,Tacos,35
2025-01-24T00:00:00,Friday,18,Steak,40
2025-01-24T00:00:00,Friday,18,Soup,22
2025-01-24T00:00:00,Friday,18,Sandwich,44
2025-01-24T00:00:00,Friday,18,Pizza,40
2025-01-24T00:00:00,Friday,18,Salad,40
2025-01-24T00:00:00,Friday,18,Sushi,40
2025-01-24T00:00:00,Friday,18,Tacos,40
2025-01-24T00:00:00,Friday,19,Steak,45
2025-01-24T00:00:00,Friday,19,Soup,26
2025-01-24T00:00:00,Friday,19,Sandwich,2
2025-01-24T00:00:00,Friday,19,Pizza,45
2025-01-24T00:00:00,Friday,19,Salad,45
2025-01-24T00:00:00,Friday,19,Sushi,45
2025-01-24T00:00:00,Friday,19,Tacos,45
2025-01-24T00:00:00,Friday,20,Steak,0
2025-01-24T00:00:00,Friday,20,Soup,30
2025-01-24T00:00:00,Friday,20,Sandwich,10
2025-01-24T00:00:00,Friday,20,Pizza,0
2025-01-24T00:00:00,Friday,20,Salad,0
2025-01-24T00:00:00,Friday,20,Sushi,0
2025-01-24T00:00:00,Friday,20,Tacos,0
2025-01-24T00:00:00,Friday,21,Steak,5
2025-01-24T00:00:00,Friday,21,Soup,34
2025-01-24T00:00:00,Friday,21,Sandwich,18
2025-01-24T00:00:00,Friday,21,Pizza,5
2025-01-24T00:00:00,Friday,21,Salad,5
2025-01-24T00:00:00,Friday,21,Sushi,5
2025-01-24T00:00:00,Friday,21,Tacos,5
2025-01-24T00:00:00,Friday,22,Steak,10
2025-01-24T00:00:00,Friday,22,Soup,38
2025-01-24T00:00:00,Friday,22,Sandwich,26
2025-01-24T00:00:00,Friday,22,Pizza,10
2025-01-24T00:00:00,Friday,22,Salad,10
2025-01-24T00:00:00,Friday,22,Sushi,10
2025-01-24T00:00:00,Friday,22,Tacos,10
2025-01-24T00:00:00,Friday,23,Steak,15
2025-01-24T00:00:00,Friday,23,Soup,42
2025-01-24T00:00:00,Friday,23,Sandwich,34
2025-01-24T00:00:00,Friday,23,Pizza,15
2025-01-24T00:00:00,Friday,23,Salad,15
2025-01-24T00:00:00,Friday,23,Sushi,15
2025-01-24T00:00:00,Friday,23,Tacos,15
2025-01-25T00:00:00,Saturday,0,Steak,0
2025-01-25T00:00:00,Saturday,0,Soup,0
2025-01-25T00:00:00,Saturday,0,Sandwich,0
2025-01-25T00:00:00,Saturday,0,Pizza,0
2025-01-25T00:00:00,Saturday,0,Salad,0
2025-01-25T00:00:00,Saturday,0,Sushi,0
2025-01-25T00:00:00,Saturday,0,Tacos,0
2025-01-25T00:00:00,Saturday,1,Steak,5
2025-01-25T00:00:00,Saturday,1,Soup,4
2025-01-25T00:00:00,Saturday,1,Sandwich,8
2025-01-25T00:00:00,Saturday,1,Pizza,5
2025-01-25T00:00:00,Saturday,1,Salad,5
2025-01-25T00:00:00,Saturday,1,Sushi,5
2025-01-25T00:00:00,Saturday,1,Tacos,5
2025-01-25T00:00:00,Saturday,2,Steak,10
2025-01-25T00:00:00,Saturday,2,Soup,8
2025-01-25T00:00:00,Saturday,2,Sandwich,16
2025-01-25T00:00:00,Saturday,2,Pizza,10
2025-01-25T00:00:00,Saturday,2,Salad,10
2025-01-25T00:00:00,Saturday,2,Sushi,10
2025-01-25T00:00:00,Saturday,2,Tacos,10
2025-01-25T00:00:00,Saturday,3,Steak,15
2025-01-25T00:00:00,Saturday,3,Soup,12
2025-01-25T00:00:00,Saturday,3,Sandwich,24
2025-01-25T00:00:00,Saturday,3,Pizza,15
2025-01-25T00:00:00,Saturday,3,Salad,15
2025-01-25T00:00:00,Saturday,3,Sushi,15
2025-01-25T00:00:00,Saturday,3,Tacos,15
2025-01-25T00:00:00,Saturday,4,Steak,20
2025-01-25T00:00:00,Saturday,4,Soup,16
2025-01-25T00:00:00,Saturday,4,Sandwich,32
2025-01-25T00:00:00,Saturday,4,Pizza,20
2025-01-25T00:00:00,Saturday,4,Salad,20
2025-01-25T00:00:00,Saturday,4,Sushi,20
2025-01-25T00:00:00,Saturday,4,Tacos,20
2025-01-25T00:00:00,Saturday,5,Steak,25
2025-01-25T00:00:00,Saturday,5,Soup,20
2025-01-25T00:00:00,Saturday,5,Sandwich,40
2025-01-25T00:00:00,Saturday,5,Pizza,25
2025-01-25T00:00:00,Saturday,5,Salad,25
2025-01-25T00:00:00,Saturday,5,Sushi,25
2025-01-25T00:00:00,Saturday,5,Tacos,25
2025-01-25T00:00:00,Saturday,6,Steak,30
2025-01-25T00:00:00,Saturday,6,Soup,24
2025-01-25T00:00:00,Saturday,6,Sandwich,48
2025-01-25T00:00:00,Saturday,6,Pizza,30
2025-01-25T00:00:00,Saturday,6,Salad,30
2025-01-25T00:00:00,Saturday,6,Sushi,30
2025-01-25T00:00:00,Saturday,6,Tacos,30
2025-01-25T00:00:00,Saturday,7,Steak,35
2025-01-25T00:00:00,Saturday,7,Soup,28
2025-01-25T00:00:00,Saturday,7,Sandwich,6
2025-01-25T00:00:00,Saturday,7,Pizza,35
2025-01-25T00:00:00,Saturday,7,Salad,35
2025-01-25T00:00:00,Saturday,7,Sushi,35
2025-01-25T00:00:00,Saturday,7,Tacos,35
2025-01-25T00:00:00,Saturday,8,Steak,40
2025-01-25T00:00:00,Saturday,8,Soup,32
2025-01-25T00:00:00,Saturday,8,Sandwich,14
2025-01-25T00:00:00,Saturday,8,Pizza,40
2025-01-25T00:00:00,Saturday,8,Salad,40
2025-01-25T00:00:00,Saturday,8,Sushi,40
2025-01-25T00:00:00,Saturday,8,Tacos,40
2025-01-25T00:00:00,Saturday,9,Steak,45
2025-01-25T00:00:00,Saturday,9,Soup,36
2025-01-25T00:00:00,Saturday,9,Sandwich,22
2025-01-25T00:00:00,Saturday,9,Pizza,45
2025-01-25T00:00:00,Saturday,9,Salad,45
2025-01-25T00:00:00,Saturday,9,Sushi,45
2025-01-25T00:00:00,Saturday,9,Tacos,45
2025-01-25T00:00:00,Saturday,10,Steak,0
2025-01-25T00:00:00,Saturday,10,Soup,40
2025-01-25T00:00:00,Saturday,10,Sandwich,30
2025-01-25T00:00:00,Saturday,10,Pizza,0
2025-01-25T00:00:00,Saturday,10,Salad,0
2025-01-25T00:00:00,Saturday,10,Sushi,0
2025-01-25T00:00:00,Saturday,10,Tacos,0
2025-01-25T00:00:00,Saturday,11,Steak,5
2025-01-25T00:00:00,Saturday,11,Soup,44
2025-01-25T00:00:00,Saturday,11,Sandwich,38
2025-01-25T00:00:00,Saturday,11,Pizza,5
2025-01-25T00:00:00,Saturday,11,Salad,5
2025-01-25T00:00:00,Saturday,11,Sushi,5
2025-01-25T00:00:00,Saturday,11,Tacos,5
2025-01-25T00:00:00,Saturday,12,Steak,10
2025-01-25T00:00:00,Saturday,12,Soup,48
2025-01-25T00:00:00,Saturday,12,Sandwich,46
2025-01-25T00:00:00,Saturday,12,Pizza,10
2025-01-25T00:00:00,Saturday,12,Salad,10
2025-01-25T00:00:00,Saturday,12,Sushi,10
2025-01-25T00:00:00,Saturday,12,Tacos,10
2025-01-25T00:00:00,Saturday,13,Steak,15
2025-01-25T00:00:00,Saturday,13,Soup,2
2025-01-25T00:00:00,Saturday,13,Sandwich,4
2025-01-25T00:00:00,Saturday,13,Pizza,15
2025-01-25T00:00:00,Saturday,13,Salad,15
2025-01-25T00:00:00,Saturday,13,Sushi,15
2025-01-25T00:00:00,Saturday,13,Tacos,15
2025-01-25T00:00:00,Saturday,14,Steak,20
2025-01-25T00:00:00,Saturday,14,Soup,6
2025-01-25T00:00:00,Saturday,14,Sandwich,12
2025-01-25T00:00:00,Saturday,14,Pizza,20
2025-01-25T00:00:00,Saturday,14,Salad,20
2025-01-25T00:00:00,Saturday,14,Sushi,20
2025-01-25T00:00:00,Saturday,14,Tacos,20
2025-01-25T00:00:00,Saturday,15,Steak,25
2025-01-25T00:00:00,Saturday,15,Soup,10
2025-01-25T00:00:00,Saturday,15,Sandwich,20
2025-01-25T00:00:00,Saturday,15,Pizza,25
2025-01-25T00:00:00,Saturday,15,Salad,25
2025-01-25T00:00:00,Saturday,15,Sushi,25
2025-01-25T00:00:00,Saturday,15,Tacos,25
2025-01-25T00:00:00,Saturday,16,Steak,30
2025-01-25T00:00:00,Saturday,16,Soup,14
2025-01-25T00:00:00,Saturday,16,Sandwich,28
2025-01-25T00:00:00,Saturday,16,Pizza,30
2025-01-25T00:00:00,Saturday,16,Salad,30
2025-01-25T00:00:00,Saturday,16,Sushi,30
2025-01-25T00:00:00,Saturday,16,Tacos,30
2025-01-25T00:00:00,Saturday,17,Steak,35
2025-01-25T00:00:00,Saturday,17,Soup,18
2025-01-25T00:00:00,Saturday,17,Sandwich,36
2025-01-25T00:00:00,Saturday,17,Pizza,35
2025-01-25T00:00:00,Saturday,17,Salad,35
2025-01-25T00:00:00,Saturday,17,Sushi,35
2025-01-25T00:00:00,Saturday,17,Tacos,35
2025-01-25T00:00:00,Saturday,18,Steak,40
2025-01-25T00:00:00,Saturday,18,Soup,22
2025-01-25T00:00:00,Saturday,18,Sandwich,44
2025-01-25T00:00:00,Saturday,18,Pizza,40
2025-01-25T00:00:00,Saturday,18,Salad,40
2025-01-25T00:00:00,Saturday,18,Sushi,40
2025-01-25T00:00:00,Saturday,18,Tacos,40
2025-01-25T00:00:00,Saturday,19,Steak,45
2025-01-25T00:00:00,Saturday,19,Soup,26
2025-01-25T00:00:00,Saturday,19,Sandwich,2
2025-01-25T00:00:00,Saturday,19,Pizza,45
2025-01-25T00:00:00,Saturday,19,Salad,45
2025-01-25T00:00:00,Saturday,19,Sushi,45
2025-01-25T00:00:00,Saturday,19,Tacos,45
2025-01-25T00:00:00,Saturday,20,Steak,0
2025-01-25T00:00:00,Saturday,20,Soup,30
2025-01-25T00:00:00,Saturday,20,Sandwich,10
2025-01-25T00:00:00,Saturday,20,Pizza,0
2025-01-25T00:00:00,Saturday,20,Salad,0
2025-01-25T00:00:00,Saturday,20,Sushi,0
2025-01-25T00:00:00,Saturday,20,Tacos,0
2025-01-25T00:00:00,Saturday,21,Steak,5
2025-01-25T00:00:00,Saturday,21,Soup,34
2025-01-25T00:00:00,Saturday,21,Sandwich,18
2025-01-25T00:00:00,Saturday,21,Pizza,5
2025-01-25T00:00:00,Saturday,21,Salad,5
2025-01-25T00:00:00,Saturday,21,Sushi,5
2025-01-25T00:00:00,Saturday,21,Tacos,5
2025-01-25T00:00:00,Saturday,22,Steak,10
2025-01-25T00:00:00,Saturday,22,Soup,38
2025-01-25T00:00:00,Saturday,22,Sandwich,26
2025-01-25T00:00:00,Saturday,22,Pizza,10
2025-01-25T00:00:00,Saturday,22,Salad,10
2025-01-25T00:00:00,Saturday,22,Sushi,10
2025-01-25T00:00:00,Saturday,22,Tacos,10
2025-01-25T00:00:00,Saturday,23,Steak,15
2025-01-25T00:00:00,Saturday,23,Soup,42
2025-01-25T00:00:00,Saturday,23,Sandwich,34
2025-01-25T00:00:00,Saturday,23,Pizza,15
2025-01-25T00:00:00,Saturday,23,Salad,15
2025-01-25T00:00:00,Saturday,23,Sushi,15
2025-01-25T00:00:00,Saturday,23,Tacos,15
2025-01-26T00:00:00,Sunday,0,Steak,0
2025-01-26T00:00:00,Sunday,0,Soup,0
2025-01-26T00:00:00,Sunday,0,Sandwich,0
2025-01-26T00:00:00,Sunday,0,Pizza,0
2025-01-26T00:00:00,Sunday,0,Salad,0
2025-01-26T00:00:00,Sunday,0,Sushi,0
2025-01-26T00:00:00,Sunday,0,Tacos,0
2025-01-26T00:00:00,Sunday,1,Steak,5
2025-01-26T00:00:00,Sunday,1,Soup,4
2025-01-26T00:00:00,Sunday,1,Sandwich,8
2025-01-26T00:00:00,Sunday,1,Pizza,5
2025-01-26T00:00:00,Sunday,1,Salad,5
2025-01-26T00:00:00,Sunday,1,Sushi,5
2025-01-26T00:00:00,Sunday,1,Tacos,5
2025-01-26T00:00:00,Sunday,2,Steak,10
2025-01-26T00:00:00,Sunday,2,Soup,8
2025-01-26T00:00:00,Sunday,2,Sandwich,16
2025-01-26T00:00:00,Sunday,2,Pizza,10
2025-01-26T00:00:00,Sunday,2,Salad,10
2025-01-26T00:00:00,Sunday,2,Sushi,10
2025-01-26T00:00:00,Sunday,2,Tacos,10
2025-01-26T00:00:00,Sunday,3,Steak,15
2025-01-26T00:00:00,Sunday,3,Soup,12
2025-01-26T00:00:00,Sunday,3,Sandwich,24
2025-01-26T00:00:00,Sunday,3,Pizza,15
2025-01-26T00:00:00,Sunday,3,Salad,15
2025-01-26T00:00:00,Sunday,3,Sushi,15
2025-01-26T00:00:00,Sunday,3,Tacos,15
2025-01-26T00:00:00,Sunday,4,Steak,20
2025-01-26T00:00:00,Sunday,4,Soup,16
2025-01-26T00:00:00,Sunday,4,Sandwich,32
2025-01-26T00:00:00,Sunday,4,Pizza,20
2025-01-26T00:00:00,Sunday,4,Salad,20
2025-01-26T00:00:00,Sunday,4,Sushi,20
2025-01-26T00:00:00,Sunday,4,Tacos,20
2025-01-26T00:00:00,Sunday,5,Steak,25
2025-01-26T00:00:00,Sunday,5,Soup,20
2025-01-26T00:00:00,Sunday,5,Sandwich,40
2025-01-26T00:00:00,Sunday,5,Pizza,25
2025-01-26T00:00:00,Sunday,5,Salad,25
2025-01-26T00:00:00,Sunday,5,Sushi,25
2025-01-26T00:00:00,Sunday,5,Tacos,25
2025-01-26T00:00:00,Sunday,6,Steak,30
2025-01-26T00:00:00,Sunday,6,Soup,24
2025-01-26T00:00:00,Sunday,6,Sandwich,48
2025-01-26T00:00:00,Sunday,6,Pizza,30
2025-01-26T00:00:00,Sunday,6,Salad,30
2025-01-26T00:00:00,Sunday,6,Sushi,30
2025-01-26T00:00:00,Sunday,6,Tacos,30
2025-01-26T00:00:00,Sunday,7,Steak,35
2025-01-26T00:00:00,Sunday,7,Soup,28
2025-01-26T00:00:00,Sunday,7,Sandwich,6
2025-01-26T00:00:00,Sunday,7,Pizza,35
2025-01-26T00:00:00,Sunday,7,Salad,35
2025-01-26T00:00:00,Sunday,7,Sushi,35
2025-01-26T00:00:00,Sunday,7,Tacos,35
2025-01-26T00:00:00,Sunday,8,Steak,40
2025-01-26T00:00:00,Sunday,8,Soup,32
2025-01-26T00:00:00,Sunday,8,Sandwich,14
2025-01-26T00:00:00,Sunday,8,Pizza,40
2025-01-26T00:00:00,Sunday,8,Salad,40
2025-01-26T00:00:00,Sunday,8,Sushi,40
2025-01-26T00:00:00,Sunday,8,Tacos,40
2025-01-26T00:00:00,Sunday,9,Steak,45
2025-01-26T00:00:00,Sunday,9,Soup,36
2025-01-26T00:00:00,Sunday,9,Sandwich,22
2025-01-26T00:00:00,Sunday,9,Pizza,45
2025-01-26T00:00:00,Sunday,9,Salad,45
2025-01-26T00:00:00,Sunday,9,Sushi,45
2025-01-26T00:00:00,Sunday,9,Tacos,45
2025-01-26T00:00:00,Sunday,10,Steak,0
2025-01-26T00:00:00,Sunday,10,Soup,40
2025-01-26T00:00:00,Sunday,10,Sandwich,30
2025-01-26T00:00:00,Sunday,10,Pizza,0
2025-01-26T00:00:00,Sunday,10,Salad,0
2025-01-26T00:00:00,Sunday,10,Sushi,0
2025-01-26T00:00:00,Sunday,10,Tacos,0
2025-01-26T00:00:00,Sunday,11,Steak,5
2025-01-26T00:00:00,Sunday,11,Soup,44
2025-01-26T00:00:00,Sunday,11,Sandwich,38
2025-01-26T00:00:00,Sunday,11,Pizza,5
2025-01-26T00:00:00,Sunday,11,Salad,5
2025-01-26T00:00:00,Sunday,11,Sushi,5
2025-01-26T00:00:00,Sunday,11,Tacos,5
2025-01-26T00:00:00,Sunday,12,Steak,10
2025-01-26T00:00:00,Sunday,12,Soup,48
2025-01-26T00:00:00,Sunday,12,Sandwich,46
2025-01-26T00:00:00,Sunday,12,Pizza,10
2025-01-26T00:00:00,Sunday,12,Salad,10
2025-01-26T00:00:00,Sunday,12,Sushi,10
2025-01-26T00:00:00,Sunday,12,Tacos,10
2025-01-26T00:00:00,Sunday,13,Steak,15
2025-01-26T00:00:00,Sunday,13,Soup,2
2025-01-26T00:00:00,Sunday,13,Sandwich,4
2025-01-26T00:00:00,Sunday,13,Pizza,15
2025-01-26T00:00:00,Sunday,13,Salad,15
2025-01-26T00:00:00,Sunday,13,Sushi,15
2025-01-26T00:00:00,Sunday,13,Tacos,15
2025-01-26T00:00:00,Sunday,14,Steak,20
2025-01-26T00:00:00,Sunday,14,Soup,6
2025-01-26T00:00:00,Sunday,14,Sandwich,12
2025-01-26T00:00:00,Sunday,14,Pizza,20
2025-01-26T00:00:00,Sunday,14,Salad,20
2025-01-26T00:00:00,Sunday,14,Sushi,20
2025-01-26T00:00:00,Sunday,14,Tacos,20
2025-01-26T00:00:00,Sunday,15,Steak,25
2025-01-26T00:00:00,Sunday,15,Soup,10
2025-01-26T00:00:00,Sunday,15,Sandwich,20
2025-01-26T00:00:00,Sunday,15,Pizza,25
2025-01-26T00:00:00,Sunday,15,Salad,25
2025-01-26T00:00:00,Sunday,15,Sushi,25
2025-01-26T00:00:00,Sunday,15,Tacos,25
2025-01-26T00:00:00,Sunday,16,Steak,30
2025-01-26T00:00:00,Sunday,16,Soup,14
2025-01-26T00:00:00,Sunday,16,Sandwich,28
2025-01-26T00:00:00,Sunday,16,Pizza,30
2025-01-26T00:00:00,Sunday,16,Salad,30
2025-01-26T00:00:00,Sunday,16,Sushi,30
2025-01-26T00:00:00,Sunday,16,Tacos,30
2025-01-26T00:00:00,Sunday,17,Steak,35
2025-01-26T00:00:00,Sunday,17,Soup,18
2025-01-26T00:00:00,Sunday,17,Sandwich,36
2025-01-26T00:00:00,Sunday,17,Pizza,35
2025-01-26T00:00:00,Sunday,17,Salad,35
2025-01-26T00:00:00,Sunday,17,Sushi,35
2025-01-26T00:00:00,Sunday,17,Tacos,35
2025-01-26T00:00:00,Sunday,18,Steak,40
2025-01-26T00:00:00,Sunday,18,Soup,22
2025-01-26T00:00:00,Sunday,18,Sandwich,44
2025-01-26T00:00:00,Sunday,18,Pizza,40
2025-01-26T00:00:00,Sunday,18,Salad,40
2025-01-26T00:00:00,Sunday,18,Sushi,40
2025-01-26T00:00:00,Sunday,18,Tacos,40
2025-01-26T00:00:00,Sunday,19,Steak,45
2025-01-26T00:00:00,Sunday,19,Soup,26
2025-01-26T00:00:00,Sunday,19,Sandwich,2
2025-01-26T00:00:00,Sunday,19,Pizza,45
2025-01-26T00:00:00,Sunday,19,Salad,45
2025-01-26T00:00:00,Sunday,19,Sushi,45
2025-01-26T00:00:00,Sunday,19,Tacos,45
2025-01-26T00:00:00,Sunday,20,Steak,0
2025-01-26T00:00:00,Sunday,20,Soup,30
2025-01-26T00:00:00,Sunday,20,Sandwich,10
2025-01-26T00:00:00,Sunday,20,Pizza,0
2025-01-26T00:00:00,Sunday,20,Salad,0
2025-01-26T00:00:00,Sunday,20,Sushi,0
2025-01-26T00:00:00,Sunday,20,Tacos,0
2025-01-26T00:00:00,Sunday,21,Steak,5
2025-01-26T00:00:00,Sunday,21,Soup,34
2025-01-26T00:00:00,Sunday,21,Sandwich,18
2025-01-26T00:00:00,Sunday,21,Pizza,5
2025-01-26T00:00:00,Sunday,21,Salad,5
2025-01-26T00:00:00,Sunday,21,Sushi,5
2025-01-26T00:00:00,Sunday,21,Tacos,5
2025-01-26T00:00:00,Sunday,22,Steak,10
2025-01-26T00:00:00,Sunday,22,Soup,38
2025-01-26T00:00:00,Sunday,22,Sandwich,26
2025-01-26T00:00:00,Sunday,22,Pizza,10
2025-01-26T00:00:00,Sunday,22,Salad,10
2025-01-26T00:00:00,Sunday,22,Sushi,10
2025-01-26T00:00:00,Sunday,22,Tacos,10
2025-01-26T00:00:00,Sunday,23,Steak,15
2025-01-26T00:00:00,Sunday,23,Soup,42
2025-01-26T00:00:00,Sunday,23,Sandwich,34
2025-01-26T00:00:00,Sunday,23,Pizza,15
2025-01-26T00:00:00,Sunday,23,Salad,15
2025-01-26T00:00:00,Sunday,23,Sushi,15
2025-01-26T00:00:00,Sunday,23,Tacos,15
2025-01-27T00:00:00,Monday,0,Steak,0
2025-01-27T00:00:00,Monday,0,Soup,0
2025-01-27T00:00:00,Monday,0,Sandwich,0
2025-01-27T00:00:00,Monday,0,Pizza,0
2025-01-27T00:00:00,Monday,0,Salad,0
2025-01-27T00:00:00,Monday,0,Sushi,0
2025-01-27T00:00:00,Monday,0,Tacos,0
2025-01-27T00:00:00,Monday,1,Steak,5
2025-01-27T00:00:00,Monday,1,Soup,4
2025-01-27T00:00:00,Monday,1,Sandwich,8
2025-01-27T00:00:00,Monday,1,Pizza,5
2025-01-27T00:00:00,Monday,1,Salad,5
2025-01-27T00:00:00,Monday,1,Sushi,5
2025-01-27T00:00:00,Monday,1,Tacos,5
2025-01-27T00:00:00,Monday,2,Steak,10
2025-01-27T00:00:00,Monday,2,Soup,8
2025-01-27T00:00:00,Monday,2,Sandwich,16
2025-01-27T00:00:00,Monday,2,Pizza,10
2025-01-27T00:00:00,Monday,2,Salad,10
2025-01-27T00:00:00,Monday,2,Sushi,10
2025-01-27T00:00:00,Monday,2,Tacos,10
2025-01-27T00:00:00,Monday,3,Steak,15
2025-01-27T00:00:00,Monday,3,Soup,12
2025-01-27T00:00:00,Monday,3,Sandwich,24
2025-01-27T00:00:00,Monday,3,Pizza,15
2025-01-27T00:00:00,Monday,3,Salad,15
2025-01-27T00:00:00,Monday,3,Sushi,15
2025-01-27T00:00:00,Monday,3,Tacos,15
2025-01-27T00:00:00,Monday,4,Steak,20
2025-01-27T00:00:00,Monday,4,Soup,16
2025-01-27T00:00:00,Monday,4,Sandwich,32
2025-01-27T00:00:00,Monday,4,Pizza,20
2025-01-27T00:00:00,Monday,4,Salad,20
2025-01-27T00:00:00,Monday,4,Sushi,20
2025-01-27T00:00:00,Monday,4,Tacos,20
2025-01-27T00:00:00,Monday,5,Steak,25
2025-01-27T00:00:00,Monday,5,Soup,20
2025-01-27T00:00:00,Monday,5,Sandwich,40
2025-01-27T00:00:00,Monday,5,Pizza,25
2025-01-27T00:00:00,Monday,5,Salad,25
2025-01-27T00:00:00,Monday,5,Sushi,25
2025-01-27T00:00:00,Monday,5,Tacos,25
2025-01-27T00:00:00,Monday,6,Steak,30
2025-01-27T00:00:00,Monday,6,Soup,24
2025-01-27T00:00:00,Monday,6,Sandwich,48
2025-01-27T00:00:00,Monday,6,Pizza,30
2025-01-27T00:00:00,Monday,6,Salad,30
2025-01-27T00:00:00,Monday,6,Sushi,30
2025-01-27T00:00:00,Monday,6,Tacos,30
2025-01-27T00:00:00,Monday,7,Steak,35
2025-01-27T00:00:00,Monday,7,Soup,28
2025-01-27T00:00:00,Monday,7,Sandwich,6
2025-01-27T00:00:00,Monday,7,Pizza,35
2025-01-27T00:00:00,Monday,7,Salad,35
2025-01-27T00:00:00,Monday,7,Sushi,35
2025-01-27T00:00:00,Monday,7,Tacos,35
2025-01-27T00:00:00,Monday,8,Steak,40
2025-01-27T00:00:00,Monday,8,Soup,32
2025-01-27T00:00:00,Monday,8,Sandwich,14
2025-01-27T00:00:00,Monday,8,Pizza,40
2025-01-27T00:00:00,Monday,8,Salad,40
2025-01-27T00:00:00,Monday,8,Sushi,40
2025-01-27T00:00:00,Monday,8,Tacos,40
2025-01-27T00:00:00,Monday,9,Steak,45
2025-01-27T00:00:00,Monday,9,Soup,36
2025-01-27T00:00:00,Monday,9,Sandwich,22
2025-01-27T00:00:00,Monday,9,Pizza,45
2025-01-27T00:00:00,Monday,9,Salad,45
2025-01-27T00:00:00,Monday,9,Sushi,45
2025-01-27T00:00:00,Monday,9,Tacos,45
2025-01-27T00:00:00,Monday,10,Steak,0
2025-01-27T00:00:00,Monday,10,Soup,40
2025-01-27T00:00:00,Monday,10,Sandwich,30
2025-01-27T00:00:00,Monday,10,Pizza,0
2025-01-27T00:00:00,Monday,10,Salad,0
2025-01-27T00:00:00,Monday,10,Sushi,0
2025-01-27T00:00:00,Monday,10,Tacos,0
2025-01-27T00:00:00,Monday,11,Steak,5
2025-01-27T00:00:00,Monday,11,Soup,44
2025-01-27T00:00:00,Monday,11,Sandwich,38
2025-01-27T00:00:00,Monday,11,Pizza,5
2025-01-27T00:00:00,Monday,11,Salad,5
2025-01-27T00:00:00,Monday,11,Sushi,5
2025-01-27T00:00:00,Monday,11,Tacos,5
2025-01-27T00:00:00,Monday,12,Steak,10
2025-01-27T00:00:00,Monday,12,Soup,48
2025-01-27T00:00:00,Monday,12,Sandwich,46
2025-01-27T00:00:00,Monday,12,Pizza,10
2025-01-27T00:00:00,Monday,12,Salad,10
2025-01-27T00:00:00,Monday,12,Sushi,10
2025-01-27T00:00:00,Monday,12,Tacos,10
2025-01-27T00:00:00,Monday,13,Steak,15
2025-01-27T00:00:00,Monday,13,Soup,2
2025-01-27T00:00:00,Monday,13,Sandwich,4
2025-01-27T00:00:00,Monday,13,Pizza,15
2025-01-27T00:00:00,Monday,13,Salad,15
2025-01-27T00:00:00,Monday,13,Sushi,15
2025-01-27T00:00:00,Monday,13,Tacos,15
2025-01-27T00:00:00,Monday,14,Steak,20
2025-01-27T00:00:00,Monday,14,Soup,6
2025-01-27T00:00:00,Monday,14,Sandwich,12
2025-01-27T00:00:00,Monday,14,Pizza,20
2025-01-27T00:00:00,Monday,14,Salad,20
2025-01-27T00:00:00,Monday,14,Sushi,20
2025-01-27T00:00:00,Monday,14,Tacos,20
2025-01-27T00:00:00,Monday,15,Steak,25
2025-01-27T00:00:00,Monday,15,Soup,10
2025-01-27T00:00:00,Monday,15,Sandwich,20
2025-01-27T00:00:00,Monday,15,Pizza,25
2025-01-27T00:00:00,Monday,15,Salad,25
2025-01-27T00:00:00,Monday,15,Sushi,25
2025-01-27T00:00:00,Monday,15,Tacos,25
2025-01-27T00:00:00,Monday,16,Steak,30
2025-01-27T00:00:00,Monday,16,Soup,14
2025-01-27T00:00:00,Monday,16,Sandwich,28
2025-01-27T00:00:00,Monday,16,Pizza,30
2025-01-27T00:00:00,Monday,16,Salad,30
2025-01-27T00:00:00,Monday,16,Sushi,30
2025-01-27T00:00:00,Monday,16,Tacos,30
2025-01-27T00:00:00,Monday,17,Steak,35
2025-01-27T00:00:00,Monday,17,Soup,18
2025-01-27T00:00:00,Monday,17,Sandwich,36
2025-01-27T00:00:00,Monday,17,Pizza,35
2025-01-27T00:00:00,Monday,17,Salad,35
2025-01-27T00:00:00,Monday,17,Sushi,35
2025-01-27T00:00:00,Monday,17,Tacos,35
2025-01-27T00:00:00,Monday,18,Steak,40
2025-01-27T00:00:00,Monday,18,Soup,22
2025-01-27T00:00:00,Monday,18,Sandwich,44
2025-01-27T00:00:00,Monday,18,Pizza,40
2025-01-27T00:00:00,Monday,18,Salad,40
2025-01-27T00:00:00,Monday,18,Sushi,40
2025-01-27T00:00:00,Monday,18,Tacos,40
2025-01-27T00:00:00,Monday,19,Steak,45
2025-01-27T00:00:00,Monday,19,Soup,26
2025-01-27T00:00:00,Monday,19,Sandwich,2
2025-01-27T00:00:00,Monday,19,Pizza,45
2025-01-27T00:00:00,Monday,19,Salad,45
2025-01-27T00:00:00,Monday,19,Sushi,45
2025-01-27T00:00:00,Monday,19,Tacos,45
2025-01-27T00:00:00,Monday,20,Steak,0
2025-01-27T00:00:00,Monday,20,Soup,30
2025-01-27T00:00:00,Monday,20,Sandwich,10
2025-01-27T00:00:00,Monday,20,Pizza,0
2025-01-27T00:00:00,Monday,20,Salad,0
2025-01-27T00:00:00,Monday,20,Sushi,0
2025-01-27T00:00:00,Monday,20,Tacos,0
2025-01-27T00:00:00,Monday,21,Steak,5
2025-01-27T00:00:00,Monday,21,Soup,34
2025-01-27T00:00:00,Monday,21,Sandwich,18
2025-01-27T00:00:00,Monday,21,Pizza,5
2025-01-27T00:00:00,Monday,21,Salad,5
2025-01-27T00:00:00,Monday,21,Sushi,5
2025-01-27T00:00:00,Monday,21,Tacos,5
2025-01-27T00:00:00,Monday,22,Steak,10
2025-01-27T00:00:00,Monday,22,Soup,38
2025-01-27T00:00:00,Monday,22,Sandwich,26
2025-01-27T00:00:00,Monday,22,Pizza,10
2025-01-27T00:00:00,Monday,22,Salad,10
2025-01-27T00:00:00,Monday,22,Sushi,10
2025-01-27T00:00:00,Monday,22,Tacos,10
2025-01-27T00:00:00,Monday,23,Steak,15
2025-01-27T00:00:00,Monday,23,Soup,42
2025-01-27T00:00:00,Monday,23,Sandwich,34
2025-01-27T00:00:00,Monday,23,Pizza,15
2025-01-27T00:00:00,Monday,23,Salad,15
2025-01-27T00:00:00,Monday,23,Sushi,15
2025-01-27T00:00:00,Monday,23,Tacos,15
